File Name,,,20220812_run1_GI-8W-1_11.RCC,20220812_run1_GI-8W-2_12.RCC,20220815_run2_GI-8W-10_08.RCC,20220815_run2_GI-8W-3_01.RCC,20220815_run2_GI-8W-4_02.RCC,20220815_run2_GI-8W-5_03.RCC,20220815_run2_GI-8W-6_04.RCC,20220815_run2_GI-8W-7_05.RCC,20220815_run2_GI-8W-8_06.RCC,20220815_run2_GI-8W-9_07.RCC
Description,,,,,,,,,,,,
Sample ID,,,GI-8W-1,GI-8W-2,GI-8W-10,GI-8W-3,GI-8W-4,GI-8W-5,GI-8W-6,GI-8W-7,GI-8W-8,GI-8W-9
Owner,,,Aravindraja Chairmandurai,Aravindraja Chairmandurai,Aravindraja Chairmandurai,Aravindraja Chairmandurai,Aravindraja Chairmandurai,Aravindraja Chairmandurai,Aravindraja Chairmandurai,Aravindraja Chairmandurai,Aravindraja Chairmandurai,Aravindraja Chairmandurai
Sample Date,,,,,8/15/2022,8/15/2022,8/15/2022,8/15/2022,8/15/2022,8/15/2022,8/15/2022,8/15/2022
File Version,,,1.7,1.7,1.7,1.7,1.7,1.7,1.7,1.7,1.7,1.7
Gene RLF,,,NS_M_MIR_V1.5,NS_M_MIR_V1.5,NS_M_MIR_V1.5,NS_M_MIR_V1.5,NS_M_MIR_V1.5,NS_M_MIR_V1.5,NS_M_MIR_V1.5,NS_M_MIR_V1.5,NS_M_MIR_V1.5,NS_M_MIR_V1.5
Comments,,,Left Mandibles-miRNA,Left Mandibles-miRNA,Left Mandibles-miRNA,Left Mandibles-miRNA,Left Mandibles-miRNA,Left Mandibles-miRNA,Left Mandibles-miRNA,Left Mandibles-miRNA,Left Mandibles-miRNA,Left Mandibles-miRNA
Lane ID,,,11,12,8,1,2,3,4,5,6,7
FOV Count,,,555,555,555,555,555,555,555,555,555,555
FOV Counted,,,547,542,539,543,547,533,550,551,550,549
Scanner ID,,,1706C0464,1706C0464,1706C0464,1706C0464,1706C0464,1706C0464,1706C0464,1706C0464,1706C0464,1706C0464
Stage Position,,,1,1,1,1,1,1,1,1,1,1
Binding Density,,,0.69,0.77,0.59,0.49,0.46,0.69,0.44,0.43,0.51,0.61
Messages,,,,,,,,,,,,
Positive,POS_A,ERCC_00117.1,36398,37509,35755,43259,43520,38542,43160,45529,35665,39729
Positive,POS_B,ERCC_00112.1,18179,18126,18630,21310,22511,19393,22112,22930,18010,20713
Positive,POS_C,ERCC_00002.1,4445,4357,4513,5274,5240,4662,5242,5450,4342,4944
Positive,POS_D,ERCC_00092.1,898,899,838,1001,972,896,1004,1087,827,945
Positive,POS_E,ERCC_00035.1,211,202,209,224,252,198,214,223,187,217
Positive,POS_F,ERCC_00034.1,125,111,85,104,113,111,114,125,105,115
Negative,NEG_A,ERCC_00096.1,33,34,17,16,27,37,15,25,23,41
Negative,NEG_B,ERCC_00041.1,67,67,72,71,81,80,82,118,59,88
Negative,NEG_C,ERCC_00019.1,124,102,95,43,67,64,62,97,60,130
Negative,NEG_D,ERCC_00076.1,28,33,17,19,22,36,27,20,21,31
Negative,NEG_E,ERCC_00098.1,33,26,33,28,30,18,27,28,23,28
Negative,NEG_F,ERCC_00126.1,86,101,92,123,92,101,111,128,82,111
Negative,NEG_G,ERCC_00144.1,43,40,32,61,47,50,50,61,38,52
Negative,NEG_H,ERCC_00154.1,86,60,57,73,73,73,61,96,52,72
Ligation,LIG_NEG_A,nmiR00810.1,113,111,97,93,113,105,106,137,89,107
Ligation,LIG_NEG_B,nmiR00828.1,50,47,47,34,23,37,36,30,39,64
Ligation,LIG_NEG_C,nmiR00803.1,25,15,27,7,15,25,13,8,15,15
Ligation,LIG_POS_A,nmiR00813.1,21672,18025,22735,13450,7006,24994,7959,6274,14971,20359
Ligation,LIG_POS_B,nmiR00809.1,3229,2620,3364,1742,1160,2955,1080,1077,2366,3223
Ligation,LIG_POS_C,nmiR00811.1,731,539,747,531,293,859,339,338,534,713
SpikeIn,ath-miR159a,MIMAT0000177,36,18,24,22,30,28,30,17,20,25
SpikeIn,cel-miR-248,MIMAT0000304,31,30,24,13,24,17,14,17,30,21
SpikeIn,osa-miR414,MIMAT0001330,35,44,30,28,35,35,25,26,20,42
Endogenous,mcmv-miR-M23-1-3p,MIMAT0005543,127,123,112,124,129,102,112,169,114,134
Endogenous,mcmv-miR-M23-1-5p,MIMAT0005542,102,87,85,121,105,96,102,116,81,122
Endogenous,mcmv-miR-M23-2,MIMAT0005545,40,28,25,16,24,24,18,30,22,31
Endogenous,mcmv-miR-M44-1,MIMAT0005546,25,28,24,30,26,27,27,31,29,38
Endogenous,mcmv-miR-M55-1,MIMAT0005547,66,68,84,78,81,76,73,92,78,72
Endogenous,mcmv-miR-M87-1,MIMAT0005550,41,42,34,31,25,43,28,23,17,31
Endogenous,mcmv-miR-M95-1-3p,MIMAT0005554,60,50,46,29,33,47,54,44,44,51
Endogenous,mcmv-miR-M95-1-5p,MIMAT0005553,22,21,22,17,19,18,20,30,18,28
Endogenous,mcmv-miR-m01-1,MIMAT0005533,90,110,96,87,107,111,91,117,73,120
Endogenous,mcmv-miR-m01-2,MIMAT0005534,104,99,109,100,109,108,101,139,82,85
Endogenous,mcmv-miR-m01-3,MIMAT0005536,87,98,73,112,90,91,78,115,82,109
Endogenous,mcmv-miR-m01-4,MIMAT0005538,28,17,25,23,18,29,22,34,19,46
Endogenous,mcmv-miR-m107-1-3p,MIMAT0005556,150,150,124,139,127,116,135,171,105,134
Endogenous,mcmv-miR-m107-1-5p,MIMAT0005555,105,110,100,121,116,107,109,140,96,122
Endogenous,mcmv-miR-m108-1,MIMAT0005558,102,126,114,136,99,109,100,159,105,124
Endogenous,mcmv-miR-m108-2-3p,MIMAT0005561,31,21,25,26,16,20,28,23,24,32
Endogenous,mcmv-miR-m108-2-5p.1,MIMAT0005560,112,112,94,115,117,116,113,132,72,122
Endogenous,mcmv-miR-m108-2-5p.2,MIMAT0005559,30,33,34,14,18,28,21,27,23,28
Endogenous,mcmv-miR-m21-1,MIMAT0005540,97,99,102,100,77,111,88,127,67,110
Endogenous,mcmv-miR-m22-1,MIMAT0005541,40,35,28,15,23,36,29,35,29,32
Endogenous,mcmv-miR-m59-1,MIMAT0005548,29,24,20,23,22,12,14,8,12,19
Endogenous,mcmv-miR-m59-2,MIMAT0005549,96,76,87,112,106,111,77,129,84,100
Endogenous,mcmv-miR-m88-1,MIMAT0005552,107,97,105,103,100,84,102,140,75,106
Endogenous,mghv-miR-M1-1,MIMAT0001564,79,92,67,84,78,67,75,131,57,99
Endogenous,mghv-miR-M1-2,MIMAT0001565,102,87,105,130,96,131,108,116,90,133
Endogenous,mghv-miR-M1-3,MIMAT0001566,91,103,88,95,87,69,86,118,61,84
Endogenous,mghv-miR-M1-4,MIMAT0001567,118,111,91,123,111,143,117,149,103,131
Endogenous,mghv-miR-M1-5,MIMAT0001568,121,117,95,117,124,118,114,182,74,139
Endogenous,mghv-miR-M1-6,MIMAT0001569,21,26,18,23,20,25,23,21,21,31
Endogenous,mghv-miR-M1-7-3p,MIMAT0001571,105,116,98,118,98,101,82,158,86,114
Endogenous,mghv-miR-M1-7-5p,MIMAT0001570,97,105,103,87,107,90,103,147,92,133
Endogenous,mghv-miR-M1-8,MIMAT0001572,107,109,114,125,121,137,127,181,90,117
Endogenous,mghv-miR-M1-9,MIMAT0001573,17,22,25,16,19,21,20,16,17,19
Endogenous,mmu-let-7a,MIMAT0000521,19439,16866,18429,8921,5559,11283,5211,5779,12518,16302
Endogenous,mmu-let-7b,MIMAT0000522,14372,15059,15737,11864,8505,13320,6820,7787,12867,13198
Endogenous,mmu-let-7c,MIMAT0000523,13821,11040,12758,6240,4384,6752,3843,5069,9172,10060
Endogenous,mmu-let-7d,MIMAT0000383,10941,12232,11417,9917,8116,13131,5764,5566,9468,12862
Endogenous,mmu-let-7e,MIMAT0000524,1624,1638,1789,1169,736,1426,707,842,1230,1499
Endogenous,mmu-let-7f,MIMAT0000525,5826,4116,5784,2606,2313,3498,1424,1679,4113,5468
Endogenous,mmu-let-7g,MIMAT0000121,17623,20804,18525,13464,10141,19248,8243,7707,14025,18783
Endogenous,mmu-let-7i,MIMAT0000122,8681,9785,8895,7256,4914,9661,3922,3432,7063,9711
Endogenous,mmu-miR-1,MIMAT0000123,68666,63625,53343,18582,7764,61770,6434,3069,23806,76092
Endogenous,mmu-miR-100,MIMAT0000655,1382,1612,1290,983,547,1415,464,543,994,1239
Endogenous,mmu-miR-101a,MIMAT0000133,228,196,235,90,83,125,60,67,131,221
Endogenous,mmu-miR-101b,MIMAT0000616,225,161,176,158,147,170,126,173,131,189
Endogenous,mmu-miR-103,MIMAT0000546,799,716,817,402,274,789,291,302,432,707
Endogenous,mmu-miR-105,MIMAT0004856,114,116,130,131,120,133,120,150,134,134
Endogenous,mmu-miR-106a+mmu-miR-17,MIMAT0000385,1724,1589,1613,1182,833,2043,682,597,1304,1490
Endogenous,mmu-miR-106b,MIMAT0000386,519,433,525,224,171,489,160,98,295,411
Endogenous,mmu-miR-107,MIMAT0000647,180,185,212,81,68,193,78,95,128,176
Endogenous,mmu-miR-10a,MIMAT0000648,94,90,105,91,50,124,47,57,63,73
Endogenous,mmu-miR-10b,MIMAT0000208,310,349,341,189,185,323,154,111,234,339
Endogenous,mmu-miR-1186,MIMAT0005836,41,31,40,33,29,38,36,33,33,38
Endogenous,mmu-miR-1186b,MIMAT0015644,37,44,48,31,39,40,42,42,40,39
Endogenous,mmu-miR-1187,MIMAT0005837,117,121,120,136,115,120,124,135,85,121
Endogenous,mmu-miR-1188,MIMAT0005843,80,84,94,108,111,91,100,116,78,97
Endogenous,mmu-miR-1190,MIMAT0005847,105,104,112,107,107,110,112,135,78,121
Endogenous,mmu-miR-1191,MIMAT0005849,46,37,34,22,24,32,28,36,19,37
Endogenous,mmu-miR-1192,MIMAT0005850,13,22,12,10,10,11,14,14,12,11
Endogenous,mmu-miR-1193,MIMAT0005851,41,43,36,33,22,31,23,28,25,41
Endogenous,mmu-miR-1194,MIMAT0005852,82,90,94,87,93,78,103,121,81,111
Endogenous,mmu-miR-1195,MIMAT0005856,103,83,99,88,96,74,84,107,72,89
Endogenous,mmu-miR-1196,MIMAT0005857,104,106,110,105,101,121,100,114,101,116
Endogenous,mmu-miR-1197,MIMAT0005858,76,79,79,84,81,88,76,96,56,94
Endogenous,mmu-miR-1198,MIMAT0005859,167,142,153,132,97,160,78,87,119,167
Endogenous,mmu-miR-1199,MIMAT0005860,25,18,29,18,24,12,16,31,23,37
Endogenous,mmu-miR-122,MIMAT0000246,37,36,41,30,18,33,19,17,22,45
Endogenous,mmu-miR-1224,MIMAT0005460,724,803,1134,652,525,896,467,375,879,1499
Endogenous,mmu-miR-124,MIMAT0000134,188,156,200,177,120,173,115,178,133,226
Endogenous,mmu-miR-125a-3p,MIMAT0004528,133,123,119,117,97,128,126,109,103,125
Endogenous,mmu-miR-125a-5p,MIMAT0000135,3245,3722,3248,2877,1719,3432,1855,1848,2695,2940
Endogenous,mmu-miR-125b-3p,MIMAT0004669,77,62,71,82,81,68,76,97,62,97
Endogenous,mmu-miR-125b-5p,MIMAT0000136,16786,14782,17622,11182,5345,23284,6685,6380,11898,15048
Endogenous,mmu-miR-126-3p,MIMAT0000138,17968,22709,19554,16426,17260,22125,9789,9116,18870,26466
Endogenous,mmu-miR-126-5p,MIMAT0000137,1415,1745,1733,771,662,1007,350,357,1077,1809
Endogenous,mmu-miR-127,MIMAT0000139,86,68,92,65,24,56,49,42,59,65
Endogenous,mmu-miR-1274a,MIMAT0009445,98,56,73,43,39,89,38,26,58,110
Endogenous,mmu-miR-128,MIMAT0000140,178,129,154,115,89,132,115,114,105,160
Endogenous,mmu-miR-129-3p,MIMAT0000544,131,123,129,135,123,112,135,142,104,137
Endogenous,mmu-miR-129-5p,MIMAT0000209,115,118,108,132,109,126,122,138,89,120
Endogenous,mmu-miR-1306,MIMAT0009411,75,84,81,102,101,83,65,96,69,86
Endogenous,mmu-miR-130a,MIMAT0000141,1166,1219,1277,813,476,1707,451,410,1033,1334
Endogenous,mmu-miR-130b,MIMAT0000387,134,128,122,141,108,139,94,132,114,112
Endogenous,mmu-miR-132,MIMAT0000144,267,248,256,273,185,263,198,234,216,318
Endogenous,mmu-miR-133a,MIMAT0000145,14637,12913,13133,8160,7115,17383,3087,1762,10280,22036
Endogenous,mmu-miR-133b,MIMAT0000769,626,447,611,241,251,582,134,167,336,806
Endogenous,mmu-miR-134,MIMAT0000146,107,104,99,122,86,109,89,95,88,102
Endogenous,mmu-miR-135a,MIMAT0000147,189,256,247,184,197,249,194,215,182,217
Endogenous,mmu-miR-135b,MIMAT0000612,35,48,23,33,30,41,28,28,33,39
Endogenous,mmu-miR-136,MIMAT0000148,796,1021,863,862,387,1147,520,463,744,888
Endogenous,mmu-miR-137,MIMAT0000149,29,24,36,26,27,16,21,27,18,35
Endogenous,mmu-miR-138,MIMAT0000150,39,24,37,31,21,28,23,14,23,35
Endogenous,mmu-miR-139-3p,MIMAT0004662,25,26,21,20,26,31,11,22,22,34
Endogenous,mmu-miR-139-5p,MIMAT0000656,213,235,188,187,198,219,136,140,184,239
Endogenous,mmu-miR-140,MIMAT0000151,250,212,297,173,138,301,108,130,230,352
Endogenous,mmu-miR-141,MIMAT0000153,298,258,309,200,144,466,148,129,205,328
Endogenous,mmu-miR-142-3p,MIMAT0000155,3487,3021,2628,1767,899,2950,843,610,1464,1877
Endogenous,mmu-miR-142-5p,MIMAT0000154,290,329,266,229,220,219,261,280,211,291
Endogenous,mmu-miR-143,MIMAT0000247,1766,1788,2197,642,512,2023,467,351,880,1925
Endogenous,mmu-miR-144,MIMAT0000156,1702,1822,1457,860,436,1049,436,307,976,1242
Endogenous,mmu-miR-145,MIMAT0000157,3296,3192,3650,1237,971,2105,794,814,1717,3253
Endogenous,mmu-miR-146a,MIMAT0000158,1118,949,929,660,655,932,450,611,755,908
Endogenous,mmu-miR-146b,MIMAT0003475,121,106,124,112,96,111,107,131,89,114
Endogenous,mmu-miR-147,MIMAT0004857,36,33,33,18,23,28,25,29,21,32
Endogenous,mmu-miR-148a,MIMAT0000516,9090,10516,9039,7737,3724,10237,5449,5035,6910,7654
Endogenous,mmu-miR-148b,MIMAT0000580,409,504,382,281,147,422,145,149,257,403
Endogenous,mmu-miR-149,MIMAT0000159,485,469,391,253,124,463,120,112,252,395
Endogenous,mmu-miR-150,MIMAT0000160,2008,2222,1835,1819,1691,2557,1078,788,1725,2224
Endogenous,mmu-miR-151-3p,MIMAT0000161,84,67,77,61,42,82,41,38,57,74
Endogenous,mmu-miR-151-5p,MIMAT0004536,1523,1578,1565,1124,617,1843,701,581,1088,1537
Endogenous,mmu-miR-152,MIMAT0000162,1050,1056,1177,705,361,1304,461,563,707,1036
Endogenous,mmu-miR-153,MIMAT0000163,24,24,21,27,14,17,18,33,11,23
Endogenous,mmu-miR-154,MIMAT0000164,138,115,147,119,102,127,82,121,90,132
Endogenous,mmu-miR-155,MIMAT0000165,1,1,1,1,1,1,1,1,1,1
Endogenous,mmu-miR-15a,MIMAT0000526,3200,3001,3391,2985,2154,4422,2169,1702,2883,3554
Endogenous,mmu-miR-15b,MIMAT0000124,3343,3654,3045,2870,1879,3722,1434,1248,2574,2577
Endogenous,mmu-miR-16,MIMAT0000527,15311,13960,14342,6615,3542,13873,3601,3181,8869,14135
Endogenous,mmu-miR-181a,MIMAT0000210,4715,6101,4764,4989,2203,5149,3033,3699,3512,3794
Endogenous,mmu-miR-181b+mmu-miR-181d,MIMAT0000673,104,78,85,71,75,86,89,120,56,74
Endogenous,mmu-miR-181c,MIMAT0000674,197,226,195,204,140,229,160,186,139,194
Endogenous,mmu-miR-182,MIMAT0000211,39,39,41,30,25,44,21,32,27,38
Endogenous,mmu-miR-183,MIMAT0000212,258,331,598,229,138,511,143,104,226,343
Endogenous,mmu-miR-1839-3p,MIMAT0009457,29,34,33,20,24,22,33,28,16,24
Endogenous,mmu-miR-1839-5p,MIMAT0009456,120,106,116,98,67,123,67,86,96,117
Endogenous,mmu-miR-184,MIMAT0000213,90,85,80,94,88,95,100,132,81,94
Endogenous,mmu-miR-185,MIMAT0000214,159,141,150,110,107,198,89,85,116,164
Endogenous,mmu-miR-186,MIMAT0000215,55,68,46,69,69,64,48,69,35,59
Endogenous,mmu-miR-187,MIMAT0000216,97,126,102,79,84,126,103,94,87,104
Endogenous,mmu-miR-188-3p,MIMAT0004541,38,35,25,21,29,18,16,19,26,15
Endogenous,mmu-miR-188-5p,MIMAT0000217,47,31,43,49,25,41,20,37,35,53
Endogenous,mmu-miR-1892,MIMAT0007871,111,142,123,128,125,118,123,163,84,93
Endogenous,mmu-miR-1893,MIMAT0007879,92,106,92,97,111,86,118,118,89,107
Endogenous,mmu-miR-1894-3p,MIMAT0007878,26,29,33,16,23,22,23,27,21,28
Endogenous,mmu-miR-1894-5p,MIMAT0007877,52,60,50,56,62,53,59,83,44,51
Endogenous,mmu-miR-1895,MIMAT0007867,106,98,108,102,126,95,98,113,83,95
Endogenous,mmu-miR-1896,MIMAT0007873,51,34,22,37,24,32,23,27,20,33
Endogenous,mmu-miR-1897-3p,MIMAT0007865,14,15,11,6,10,13,11,12,23,13
Endogenous,mmu-miR-1898,MIMAT0007875,94,93,105,88,93,90,89,125,84,97
Endogenous,mmu-miR-1899,MIMAT0007869,49,54,43,25,31,38,33,45,32,46
Endogenous,mmu-miR-18a,MIMAT0000528,35,45,38,24,27,38,32,37,25,40
Endogenous,mmu-miR-18b,MIMAT0004858,26,21,23,21,21,20,20,20,9,21
Endogenous,mmu-miR-190,MIMAT0000220,284,354,276,231,171,307,165,204,215,300
Endogenous,mmu-miR-1900,MIMAT0007870,75,88,63,71,71,74,67,96,57,79
Endogenous,mmu-miR-1901,MIMAT0007880,72,75,67,86,82,62,71,99,54,83
Endogenous,mmu-miR-1902,MIMAT0007863,283,120,255,87,109,89,83,111,174,173
Endogenous,mmu-miR-1903,MIMAT0007868,103,98,86,125,109,119,97,136,107,115
Endogenous,mmu-miR-1904,MIMAT0007874,76,69,75,70,63,82,61,71,47,58
Endogenous,mmu-miR-1905,MIMAT0007866,9,8,13,9,11,18,5,6,9,18
Endogenous,mmu-miR-1906,MIMAT0007872,64,78,62,75,76,85,76,72,64,60
Endogenous,mmu-miR-1907,MIMAT0007876,23,22,14,18,18,21,17,26,18,26
Endogenous,mmu-miR-190b,MIMAT0004852,27,31,33,24,27,28,36,21,30,36
Endogenous,mmu-miR-191,MIMAT0000221,291,287,306,264,162,377,184,208,221,307
Endogenous,mmu-miR-192,MIMAT0000517,117,115,137,121,109,126,99,117,86,131
Endogenous,mmu-miR-1927,MIMAT0009390,19,17,12,11,22,18,16,15,11,16
Endogenous,mmu-miR-1928,MIMAT0009391,108,129,111,119,126,111,133,160,94,118
Endogenous,mmu-miR-1929,MIMAT0009392,120,111,109,101,119,121,103,131,74,141
Endogenous,mmu-miR-193,MIMAT0000223,94,72,85,54,51,120,52,51,59,100
Endogenous,mmu-miR-1930,MIMAT0009393,31,26,20,15,23,15,16,22,17,30
Endogenous,mmu-miR-1931,MIMAT0009394,27,35,35,21,24,33,20,23,21,36
Endogenous,mmu-miR-1932,MIMAT0009395,18,22,16,18,14,27,17,17,12,16
Endogenous,mmu-miR-1933-3p,MIMAT0009397,39,24,23,22,26,21,19,29,19,32
Endogenous,mmu-miR-1933-5p,MIMAT0009396,45,28,25,26,25,19,21,35,26,45
Endogenous,mmu-miR-1934,MIMAT0009398,31,33,24,22,17,23,20,22,23,27
Endogenous,mmu-miR-1935,MIMAT0009399,41,31,34,26,23,31,31,37,24,31
Endogenous,mmu-miR-1936,MIMAT0009400,22,20,19,19,19,15,15,18,8,15
Endogenous,mmu-miR-1937a+mmu-miR-1937b,MIMAT0009401,1484,1053,1136,578,467,912,353,396,992,1487
Endogenous,mmu-miR-1937c,MIMAT0009429,919,743,895,379,305,792,238,313,649,1145
Endogenous,mmu-miR-1938,MIMAT0009402,41,31,27,27,23,34,21,26,20,34
Endogenous,mmu-miR-1939,MIMAT0009403,31,32,31,28,26,25,23,21,30,40
Endogenous,mmu-miR-193b,MIMAT0004859,121,99,102,99,90,76,70,90,82,109
Endogenous,mmu-miR-194,MIMAT0000224,145,153,147,138,126,146,125,153,133,170
Endogenous,mmu-miR-1940,MIMAT0009404,128,111,123,123,137,117,112,143,86,135
Endogenous,mmu-miR-1941-3p,MIMAT0009406,98,114,92,91,88,96,97,156,86,105
Endogenous,mmu-miR-1941-5p,MIMAT0009405,72,71,82,79,69,74,78,113,67,90
Endogenous,mmu-miR-1942,MIMAT0009407,118,110,106,134,106,109,109,132,89,121
Endogenous,mmu-miR-1943,MIMAT0009408,128,132,124,124,132,110,131,137,97,138
Endogenous,mmu-miR-1944,MIMAT0009409,1710,1511,1608,1374,993,2206,926,843,1259,1782
Endogenous,mmu-miR-1945,MIMAT0009410,126,106,102,125,127,114,103,115,104,121
Endogenous,mmu-miR-1946a,MIMAT0009412,80,84,82,105,93,78,78,120,71,95
Endogenous,mmu-miR-1946b,MIMAT0009443,13,16,14,13,16,17,23,13,9,21
Endogenous,mmu-miR-1947,MIMAT0009413,31,34,19,15,21,25,21,21,30,22
Endogenous,mmu-miR-1948,MIMAT0009415,11,19,19,13,13,9,13,14,10,14
Endogenous,mmu-miR-1949,MIMAT0009416,41,35,34,33,25,21,23,27,33,43
Endogenous,mmu-miR-195,MIMAT0000225,186,179,215,83,63,151,81,61,99,226
Endogenous,mmu-miR-1950,MIMAT0009417,16,23,25,12,20,16,19,18,9,23
Endogenous,mmu-miR-1951,MIMAT0009422,38,29,51,31,39,30,28,20,37,49
Endogenous,mmu-miR-1952,MIMAT0009423,70,60,56,36,23,73,28,35,42,96
Endogenous,mmu-miR-1953,MIMAT0009424,22,27,19,23,22,24,11,16,22,33
Endogenous,mmu-miR-1954,MIMAT0009425,22,17,22,16,15,24,18,17,20,22
Endogenous,mmu-miR-1955,MIMAT0009426,20,21,16,17,15,19,16,11,13,26
Endogenous,mmu-miR-1956,MIMAT0009428,103,106,106,102,111,85,89,143,91,123
Endogenous,mmu-miR-1957,MIMAT0009430,91,100,88,93,94,88,114,123,81,96
Endogenous,mmu-miR-1958,MIMAT0009431,105,98,86,104,132,130,118,159,84,110
Endogenous,mmu-miR-1959,MIMAT0009432,74,56,51,79,80,88,71,105,51,75
Endogenous,mmu-miR-1960,MIMAT0009433,48,31,44,57,54,60,46,62,32,46
Endogenous,mmu-miR-1961,MIMAT0009434,84,87,73,87,90,78,78,71,64,90
Endogenous,mmu-miR-1962,MIMAT0009435,109,100,89,90,93,97,88,99,90,81
Endogenous,mmu-miR-1963,MIMAT0009436,140,130,157,175,141,141,118,158,123,133
Endogenous,mmu-miR-1964,MIMAT0009437,135,144,130,153,140,147,116,186,101,140
Endogenous,mmu-miR-1965,MIMAT0009438,109,119,104,112,118,142,110,150,94,138
Endogenous,mmu-miR-1966,MIMAT0009439,102,108,96,124,107,98,112,131,89,120
Endogenous,mmu-miR-1967,MIMAT0009440,139,114,121,157,151,127,128,147,115,126
Endogenous,mmu-miR-1968,MIMAT0009441,60,66,74,85,71,80,71,102,61,92
Endogenous,mmu-miR-1969,MIMAT0009442,16,24,18,27,20,33,21,27,16,18
Endogenous,mmu-miR-196a,MIMAT0000518,28,30,25,26,25,21,22,29,23,17
Endogenous,mmu-miR-196b,MIMAT0001081,36,31,32,14,22,19,14,26,36,24
Endogenous,mmu-miR-1970,MIMAT0009444,31,20,29,18,21,36,22,30,25,27
Endogenous,mmu-miR-1971,MIMAT0009446,19,21,18,17,22,19,12,15,10,17
Endogenous,mmu-miR-1981,MIMAT0009458,30,24,26,18,20,25,18,17,20,25
Endogenous,mmu-miR-1982,MIMAT0009460,15,32,22,18,20,21,11,30,14,29
Endogenous,mmu-miR-1983,MIMAT0009455,54,45,45,46,38,50,32,41,45,55
Endogenous,mmu-miR-199a-3p,MIMAT0000230,17021,18647,17910,20316,15227,21561,14111,15337,17976,17175
Endogenous,mmu-miR-199a-5p,MIMAT0000229,8045,7244,8137,4746,3173,7543,2808,3287,5930,7360
Endogenous,mmu-miR-19a,MIMAT0000651,693,695,669,392,289,786,217,142,472,613
Endogenous,mmu-miR-19b,MIMAT0000513,273,226,250,166,153,377,122,121,195,270
Endogenous,mmu-miR-200a,MIMAT0000519,710,786,1033,377,238,871,285,281,362,616
Endogenous,mmu-miR-200b,MIMAT0000233,357,322,473,261,197,409,202,205,247,368
Endogenous,mmu-miR-200c,MIMAT0000657,1145,1096,1048,932,938,1419,611,673,981,1094
Endogenous,mmu-miR-201,MIMAT0000234,75,81,70,68,79,87,70,96,59,80
Endogenous,mmu-miR-202-3p,MIMAT0000235,139,147,114,146,151,139,132,191,96,150
Endogenous,mmu-miR-202-5p,MIMAT0004546,136,127,133,125,120,112,128,161,114,152
Endogenous,mmu-miR-203,MIMAT0000236,7226,5989,7599,2475,2694,4674,1881,1700,4470,6307
Endogenous,mmu-miR-204,MIMAT0000237,605,564,540,441,334,648,284,282,317,481
Endogenous,mmu-miR-205,MIMAT0000238,22699,20536,23729,12692,11506,21859,9548,8793,16398,19000
Endogenous,mmu-miR-206,MIMAT0000239,2370,2197,2580,902,1618,3006,1239,708,1827,4227
Endogenous,mmu-miR-207,MIMAT0000240,87,107,108,97,106,94,89,102,70,94
Endogenous,mmu-miR-208a,MIMAT0000520,62,69,48,41,36,63,45,43,39,60
Endogenous,mmu-miR-208b,MIMAT0004939,32,23,20,19,10,23,12,19,14,23
Endogenous,mmu-miR-20a+mmu-miR-20b,MIMAT0000529,2465,2913,2471,2569,2109,3213,1618,1438,2458,2651
Endogenous,mmu-miR-21,MIMAT0000530,2777,1954,2625,1179,1048,2908,789,823,1307,2125
Endogenous,mmu-miR-210,MIMAT0000658,280,297,316,160,140,314,125,86,201,291
Endogenous,mmu-miR-211,MIMAT0000668,26,34,23,24,22,28,18,28,21,37
Endogenous,mmu-miR-212,MIMAT0000659,70,54,48,31,25,60,24,24,29,62
Endogenous,mmu-miR-2132,MIMAT0011208,52,43,40,22,24,35,28,27,30,69
Endogenous,mmu-miR-2133,MIMAT0011209,110,81,85,75,54,66,48,49,75,118
Endogenous,mmu-miR-2134,MIMAT0011210,45,38,48,39,30,34,23,28,30,45
Endogenous,mmu-miR-2135,MIMAT0011211,125,112,118,125,44,144,51,55,76,138
Endogenous,mmu-miR-2136,MIMAT0011212,34,34,29,37,22,30,38,25,28,37
Endogenous,mmu-miR-2137,MIMAT0011213,89,97,119,119,98,92,84,124,86,113
Endogenous,mmu-miR-2138,MIMAT0011214,142,145,138,148,118,128,103,146,86,157
Endogenous,mmu-miR-2139,MIMAT0011215,74,55,60,68,67,72,59,115,79,65
Endogenous,mmu-miR-214,MIMAT0000661,137,139,131,131,103,114,111,149,108,147
Endogenous,mmu-miR-2140,MIMAT0011216,96,101,112,102,109,102,91,141,82,134
Endogenous,mmu-miR-2141,MIMAT0011217,108,117,139,131,107,104,115,120,116,180
Endogenous,mmu-miR-2145,MIMAT0011221,66,90,74,81,67,66,71,104,53,84
Endogenous,mmu-miR-2146,MIMAT0011222,127,123,144,144,118,138,136,142,107,159
Endogenous,mmu-miR-216a,MIMAT0000662,78,80,79,96,84,100,78,103,75,93
Endogenous,mmu-miR-216b,MIMAT0003729,35,28,23,25,26,28,22,26,31,37
Endogenous,mmu-miR-217,MIMAT0000679,21,26,25,23,21,18,19,22,20,23
Endogenous,mmu-miR-218,MIMAT0000663,457,537,517,313,182,397,177,200,347,479
Endogenous,mmu-miR-2182,MIMAT0011286,25,36,37,18,31,49,37,42,33,53
Endogenous,mmu-miR-2183,MIMAT0011287,76,49,54,44,29,38,40,56,32,61
Endogenous,mmu-miR-219,MIMAT0000664,63,71,51,30,38,42,36,40,46,60
Endogenous,mmu-miR-22,MIMAT0000531,34032,39993,33586,21739,16890,38114,11628,10038,25212,46655
Endogenous,mmu-miR-220,MIMAT0004863,34,46,34,22,12,36,10,23,27,40
Endogenous,mmu-miR-221,MIMAT0000669,108,121,106,74,52,71,51,53,74,99
Endogenous,mmu-miR-222,MIMAT0000670,38,36,57,30,32,39,25,31,37,55
Endogenous,mmu-miR-223,MIMAT0000665,2638,2415,2185,2792,1506,2568,1126,577,1432,1054
Endogenous,mmu-miR-224,MIMAT0000671,76,84,72,87,81,74,73,88,64,84
Endogenous,mmu-miR-23a,MIMAT0000532,14267,14702,14210,9496,6725,15906,7676,5791,10940,14547
Endogenous,mmu-miR-23b,MIMAT0000125,2127,2377,2143,1181,756,2371,753,579,1190,1949
Endogenous,mmu-miR-24,MIMAT0000219,500,455,557,240,221,530,165,195,283,464
Endogenous,mmu-miR-25,MIMAT0000652,2399,2618,2476,2039,1181,2839,1116,1039,1979,2282
Endogenous,mmu-miR-26a,MIMAT0000533,291,203,245,163,166,162,156,195,183,266
Endogenous,mmu-miR-26b,MIMAT0000534,1624,1813,1620,937,666,1527,535,505,1127,1723
Endogenous,mmu-miR-27a,MIMAT0000537,8758,9259,9536,8209,8259,11590,6444,6531,9079,11212
Endogenous,mmu-miR-27b,MIMAT0000126,523,465,547,297,273,710,193,213,396,563
Endogenous,mmu-miR-28,MIMAT0000653,285,261,252,156,139,219,106,134,212,286
Endogenous,mmu-miR-2861,MIMAT0013803,76,57,82,78,74,81,78,98,52,79
Endogenous,mmu-miR-290-3p,MIMAT0004572,98,114,110,121,85,121,93,95,95,109
Endogenous,mmu-miR-290-5p,MIMAT0000366,137,143,148,113,112,108,135,136,99,140
Endogenous,mmu-miR-291a-3p,MIMAT0000368,75,84,85,80,125,88,85,116,63,98
Endogenous,mmu-miR-291a-5p,MIMAT0000367,31,34,32,38,42,25,41,42,21,34
Endogenous,mmu-miR-291b-3p,MIMAT0003190,28,27,19,21,13,17,23,19,17,27
Endogenous,mmu-miR-291b-5p,MIMAT0003189,24,26,19,29,8,21,27,20,23,28
Endogenous,mmu-miR-292-3p,MIMAT0000370,61,39,41,39,41,42,21,37,47,55
Endogenous,mmu-miR-292-5p,MIMAT0000369,33,21,30,31,18,38,13,22,25,22
Endogenous,mmu-miR-293,MIMAT0000371,39,33,24,27,20,25,23,28,28,27
Endogenous,mmu-miR-294,MIMAT0000372,25,30,27,14,26,28,38,26,23,20
Endogenous,mmu-miR-295,MIMAT0000373,23,21,24,31,29,11,16,25,30,32
Endogenous,mmu-miR-296-3p,MIMAT0004576,41,53,44,35,28,52,37,31,35,54
Endogenous,mmu-miR-296-5p,MIMAT0000374,18,32,22,12,4,18,6,12,16,24
Endogenous,mmu-miR-297a+mmu-miR-466f+mmu-miR-669b,MIMAT0000375,27,30,14,20,27,13,17,28,21,26
Endogenous,mmu-miR-297b-3p,MIMAT0004827,22,22,15,13,16,19,15,18,12,22
Endogenous,mmu-miR-297b-5p,MIMAT0003480,25,31,18,29,23,26,19,16,19,21
Endogenous,mmu-miR-297c,MIMAT0004865,49,40,45,31,43,53,24,30,30,55
Endogenous,mmu-miR-298,MIMAT0000376,56,41,52,33,51,59,37,43,30,61
Endogenous,mmu-miR-299,MIMAT0004577,41,34,45,36,27,36,20,34,41,33
Endogenous,mmu-miR-29a,MIMAT0000535,7069,7063,6940,4259,4405,8216,2175,1950,5161,8222
Endogenous,mmu-miR-29b,MIMAT0000127,4165,3952,4299,1837,1439,3847,1093,1036,2756,4201
Endogenous,mmu-miR-29c,MIMAT0000536,5001,4546,5057,1833,1525,5231,873,738,2916,6029
Endogenous,mmu-miR-300,MIMAT0000378,122,144,127,127,117,144,125,144,124,130
Endogenous,mmu-miR-301a,MIMAT0000379,313,336,334,275,181,437,196,187,267,333
Endogenous,mmu-miR-301b,MIMAT0004186,40,41,49,35,43,42,46,50,42,49
Endogenous,mmu-miR-302a,MIMAT0000380,27,24,34,16,17,25,30,21,25,19
Endogenous,mmu-miR-302b,MIMAT0003374,52,53,30,45,40,46,22,47,32,39
Endogenous,mmu-miR-302c,MIMAT0003376,18,19,16,10,24,12,11,20,9,13
Endogenous,mmu-miR-302d,MIMAT0003377,27,31,24,20,22,30,22,32,27,29
Endogenous,mmu-miR-3072,MIMAT0014853,25,16,16,17,15,16,10,16,9,17
Endogenous,mmu-miR-3099,MIMAT0014816,55,32,42,20,39,25,23,33,29,39
Endogenous,mmu-miR-30a,MIMAT0000128,1408,1308,1474,523,381,1546,278,252,723,1794
Endogenous,mmu-miR-30b,MIMAT0000130,1637,1285,1506,676,584,1071,403,538,896,1582
Endogenous,mmu-miR-30c,MIMAT0000514,7005,8751,7654,6335,5048,9219,3385,3075,6065,9619
Endogenous,mmu-miR-30d,MIMAT0000515,1379,1347,1279,639,458,1300,379,394,678,1280
Endogenous,mmu-miR-30e,MIMAT0000248,399,377,403,270,175,409,174,184,254,427
Endogenous,mmu-miR-31,MIMAT0000538,188,194,206,172,156,170,127,206,154,194
Endogenous,mmu-miR-32,MIMAT0000654,86,108,95,89,94,102,92,83,81,99
Endogenous,mmu-miR-320,MIMAT0000666,84,92,72,97,99,102,91,84,68,98
Endogenous,mmu-miR-322,MIMAT0000548,531,617,528,434,313,660,317,314,435,668
Endogenous,mmu-miR-323-3p,MIMAT0000551,300,309,285,192,260,260,250,307,206,355
Endogenous,mmu-miR-323-5p,MIMAT0004638,92,100,94,111,101,106,109,102,88,100
Endogenous,mmu-miR-324-3p,MIMAT0000556,27,22,18,13,16,16,15,13,17,15
Endogenous,mmu-miR-324-5p,MIMAT0000555,65,52,70,31,43,65,35,47,41,67
Endogenous,mmu-miR-325,MIMAT0004640,30,30,30,28,18,31,31,16,24,27
Endogenous,mmu-miR-326,MIMAT0000559,85,101,75,86,60,109,77,76,75,73
Endogenous,mmu-miR-327,MIMAT0004867,42,33,30,21,19,32,18,14,19,41
Endogenous,mmu-miR-328,MIMAT0000565,159,141,139,76,84,114,54,70,92,160
Endogenous,mmu-miR-329,MIMAT0000567,102,126,106,115,60,121,79,86,90,106
Endogenous,mmu-miR-33,MIMAT0000667,158,162,168,129,128,171,136,177,127,169
Endogenous,mmu-miR-330,MIMAT0004642,58,49,54,79,70,66,71,97,52,75
Endogenous,mmu-miR-331-3p,MIMAT0000571,93,65,69,66,63,98,53,82,62,101
Endogenous,mmu-miR-331-5p,MIMAT0004643,70,85,72,86,57,69,90,97,59,75
Endogenous,mmu-miR-335-3p,MIMAT0004704,87,93,91,92,87,85,98,127,65,115
Endogenous,mmu-miR-335-5p,MIMAT0000766,198,302,253,299,175,335,187,213,283,264
Endogenous,mmu-miR-337-3p,MIMAT0000578,94,75,67,82,77,76,63,79,68,85
Endogenous,mmu-miR-337-5p,MIMAT0004644,105,126,113,147,121,127,126,157,109,126
Endogenous,mmu-miR-338-3p,MIMAT0000582,1157,1574,1449,1603,626,1947,784,739,1115,941
Endogenous,mmu-miR-338-5p,MIMAT0004647,86,65,77,85,92,95,81,99,70,87
Endogenous,mmu-miR-339-3p,MIMAT0004649,39,38,30,15,26,28,24,19,27,39
Endogenous,mmu-miR-339-5p,MIMAT0000584,58,61,49,35,41,50,50,44,36,49
Endogenous,mmu-miR-340-3p,MIMAT0000586,91,84,67,42,38,85,29,37,52,78
Endogenous,mmu-miR-340-5p,MIMAT0004651,408,418,301,294,230,415,132,147,279,387
Endogenous,mmu-miR-341,MIMAT0000588,17,19,20,10,16,20,18,20,11,12
Endogenous,mmu-miR-342-3p,MIMAT0000590,899,957,885,778,456,874,467,499,738,765
Endogenous,mmu-miR-342-5p,MIMAT0004653,99,85,90,52,79,74,81,67,51,84
Endogenous,mmu-miR-343,MIMAT0004868,49,64,48,27,36,34,37,40,28,61
Endogenous,mmu-miR-344,MIMAT0000593,30,40,32,28,20,32,16,19,25,44
Endogenous,mmu-miR-345-3p,MIMAT0004656,51,42,38,42,36,44,39,49,44,44
Endogenous,mmu-miR-345-5p,MIMAT0000595,200,180,179,135,103,173,104,110,129,208
Endogenous,mmu-miR-346,MIMAT0000597,73,79,100,89,75,83,90,128,75,90
Endogenous,mmu-miR-3470a+mmu-miR-3470b,MIMAT0015640,68,75,75,95,88,72,71,87,68,91
Endogenous,mmu-miR-3471,MIMAT0015642,101,79,71,68,66,75,82,142,60,105
Endogenous,mmu-miR-3472,MIMAT0015643,61,89,78,104,66,78,87,113,58,77
Endogenous,mmu-miR-3473,MIMAT0015645,78,73,75,85,70,80,87,102,64,86
Endogenous,mmu-miR-3474,MIMAT0015646,67,76,75,91,86,76,78,94,63,87
Endogenous,mmu-miR-3475,MIMAT0015219,80,71,81,89,87,78,88,98,63,92
Endogenous,mmu-miR-34a,MIMAT0000542,104,85,82,79,81,68,78,108,71,78
Endogenous,mmu-miR-34b-3p,MIMAT0004581,130,127,126,117,145,125,103,113,96,134
Endogenous,mmu-miR-34b-5p,MIMAT0000382,93,100,81,101,93,95,108,109,83,96
Endogenous,mmu-miR-34c,MIMAT0000381,1,1,1,1,1,1,1,1,1,1
Endogenous,mmu-miR-350,MIMAT0000605,301,384,332,250,176,341,139,139,246,337
Endogenous,mmu-miR-351,MIMAT0000609,28,36,28,22,30,25,26,22,19,33
Endogenous,mmu-miR-361,MIMAT0000704,160,119,152,69,61,103,35,55,95,132
Endogenous,mmu-miR-362-3p,MIMAT0004684,113,111,110,69,58,127,61,56,72,113
Endogenous,mmu-miR-362-5p,MIMAT0000706,40,34,49,27,38,50,43,35,25,37
Endogenous,mmu-miR-363,MIMAT0000708,23,27,34,20,24,16,25,25,22,26
Endogenous,mmu-miR-365,MIMAT0000711,662,527,575,244,228,497,137,179,344,674
Endogenous,mmu-miR-367,MIMAT0003181,135,110,102,120,118,132,134,164,90,120
Endogenous,mmu-miR-369-3p,MIMAT0003186,131,139,125,134,128,121,102,137,123,154
Endogenous,mmu-miR-369-5p,MIMAT0003185,85,94,92,114,99,93,105,162,85,111
Endogenous,mmu-miR-370,MIMAT0001095,134,109,137,139,126,131,112,135,89,121
Endogenous,mmu-miR-374,MIMAT0003727,137,151,161,112,115,155,103,127,125,135
Endogenous,mmu-miR-375,MIMAT0000739,130,130,175,92,59,186,103,92,63,88
Endogenous,mmu-miR-376a,MIMAT0000740,170,107,225,66,60,99,84,206,92,155
Endogenous,mmu-miR-376b,MIMAT0001092,66,63,69,56,40,57,44,54,56,87
Endogenous,mmu-miR-376c,MIMAT0003183,145,161,134,163,121,183,108,107,144,170
Endogenous,mmu-miR-377,MIMAT0000741,87,96,106,62,37,108,47,45,66,91
Endogenous,mmu-miR-378,MIMAT0003151,11614,10540,11196,6720,4618,16768,2787,1476,7285,15793
Endogenous,mmu-miR-379,MIMAT0000743,57,52,59,38,26,48,40,43,35,63
Endogenous,mmu-miR-380-3p,MIMAT0000745,56,42,37,26,30,41,24,35,40,43
Endogenous,mmu-miR-380-5p,MIMAT0000744,124,119,150,123,134,143,130,179,147,146
Endogenous,mmu-miR-381,MIMAT0000746,138,126,136,129,109,132,115,139,123,147
Endogenous,mmu-miR-382,MIMAT0000747,224,243,236,237,152,258,177,229,212,236
Endogenous,mmu-miR-383,MIMAT0000748,41,39,53,42,64,41,42,59,43,63
Endogenous,mmu-miR-384-3p,MIMAT0001076,99,111,84,86,92,98,81,99,74,88
Endogenous,mmu-miR-384-5p,MIMAT0004745,24,39,28,27,23,36,27,34,19,36
Endogenous,mmu-miR-409-3p,MIMAT0001090,18,11,16,15,14,16,15,17,11,16
Endogenous,mmu-miR-409-5p,MIMAT0004746,34,24,26,29,22,33,20,19,22,34
Endogenous,mmu-miR-410,MIMAT0001091,51,66,58,46,38,58,22,35,52,52
Endogenous,mmu-miR-411,MIMAT0004747,51,71,61,75,65,85,45,55,52,58
Endogenous,mmu-miR-412,MIMAT0001094,109,98,104,115,85,88,84,142,72,111
Endogenous,mmu-miR-421,MIMAT0004869,109,126,125,106,107,118,95,133,90,106
Endogenous,mmu-miR-423-3p,MIMAT0003454,139,157,139,127,114,171,106,113,99,142
Endogenous,mmu-miR-423-5p,MIMAT0004825,154,135,138,112,95,118,95,114,109,135
Endogenous,mmu-miR-425,MIMAT0004750,255,243,271,260,195,346,190,187,217,246
Endogenous,mmu-miR-429,MIMAT0001537,1081,1414,1606,735,468,1466,502,452,837,1126
Endogenous,mmu-miR-431,MIMAT0001418,125,121,136,121,110,128,144,164,112,143
Endogenous,mmu-miR-432,MIMAT0012771,83,65,74,85,84,79,69,96,66,93
Endogenous,mmu-miR-433,MIMAT0001420,110,104,108,92,97,104,115,129,88,115
Endogenous,mmu-miR-434-3p,MIMAT0001422,157,168,146,100,89,149,90,133,111,165
Endogenous,mmu-miR-434-5p,MIMAT0001421,121,110,104,87,100,106,76,134,85,116
Endogenous,mmu-miR-448,MIMAT0001533,97,92,108,105,113,116,106,135,82,108
Endogenous,mmu-miR-449a,MIMAT0001542,82,81,71,77,74,72,77,87,57,85
Endogenous,mmu-miR-449b,MIMAT0005447,28,39,13,12,15,18,30,23,26,28
Endogenous,mmu-miR-449c,MIMAT0003460,54,42,36,38,23,35,33,35,25,27
Endogenous,mmu-miR-450a-3p,MIMAT0004789,32,34,21,23,31,25,27,31,22,32
Endogenous,mmu-miR-450a-5p,MIMAT0001546,217,236,188,156,93,190,81,103,165,152
Endogenous,mmu-miR-450b-3p,MIMAT0003512,32,28,23,21,13,26,22,14,19,28
Endogenous,mmu-miR-450b-5p,MIMAT0003511,13,22,38,20,19,21,21,22,27,30
Endogenous,mmu-miR-451,MIMAT0001632,8236,11127,8419,8844,5458,6928,3841,3803,8395,9883
Endogenous,mmu-miR-452,MIMAT0001637,37,46,28,25,37,27,13,24,28,26
Endogenous,mmu-miR-453,MIMAT0004870,40,27,20,20,14,18,25,23,20,33
Endogenous,mmu-miR-455,MIMAT0003742,109,124,109,85,79,102,85,117,75,93
Endogenous,mmu-miR-463,MIMAT0004758,93,82,92,84,96,93,99,130,81,101
Endogenous,mmu-miR-464,MIMAT0002105,87,89,99,86,115,102,89,111,81,101
Endogenous,mmu-miR-465a-3p,MIMAT0004217,68,65,59,66,50,60,56,73,50,59
Endogenous,mmu-miR-465a-5p,MIMAT0002106,34,48,27,17,31,28,30,44,23,33
Endogenous,mmu-miR-465b-5p,MIMAT0004871,23,28,21,12,20,24,26,21,16,28
Endogenous,mmu-miR-465c-5p,MIMAT0004873,33,37,36,27,34,28,27,29,26,30
Endogenous,mmu-miR-466a-3p+mmu-miR-466b-3-3p,MIMAT0002107,80,52,64,76,53,66,57,57,74,60
Endogenous,mmu-miR-466a-5p+mmu-miR-466e-5p,MIMAT0004759,48,33,42,32,34,44,21,18,41,51
Endogenous,mmu-miR-466c-5p,MIMAT0004877,68,63,71,79,79,59,72,86,53,75
Endogenous,mmu-miR-466d-3p,MIMAT0004931,124,121,80,108,102,109,110,160,100,120
Endogenous,mmu-miR-466d-5p,MIMAT0004930,104,82,93,95,104,103,104,126,85,103
Endogenous,mmu-miR-466f-5p,MIMAT0004881,34,32,38,28,26,28,28,34,22,20
Endogenous,mmu-miR-466g,MIMAT0004883,117,73,109,59,43,84,63,74,73,64
Endogenous,mmu-miR-466h,MIMAT0004884,25,18,39,16,19,20,18,29,16,21
Endogenous,mmu-miR-466i,MIMAT0005834,24,28,31,26,19,25,19,27,20,22
Endogenous,mmu-miR-466j,MIMAT0005848,35,39,21,25,25,35,19,25,24,29
Endogenous,mmu-miR-466k,MIMAT0005845,115,109,104,122,108,85,101,129,68,95
Endogenous,mmu-miR-466l,MIMAT0005830,45,62,47,61,42,43,52,67,46,62
Endogenous,mmu-miR-467a,MIMAT0003409,140,117,114,113,137,115,104,114,80,120
Endogenous,mmu-miR-467b,MIMAT0005448,53,59,56,49,38,59,58,52,50,56
Endogenous,mmu-miR-467c,MIMAT0004885,56,60,34,31,38,37,35,48,35,36
Endogenous,mmu-miR-467d,MIMAT0004886,33,33,32,14,21,26,24,31,21,24
Endogenous,mmu-miR-467e,MIMAT0005293,107,126,99,107,76,99,78,137,72,109
Endogenous,mmu-miR-467f,MIMAT0005846,110,108,119,113,109,120,98,149,81,99
Endogenous,mmu-miR-467g,MIMAT0005854,69,71,60,73,71,61,65,93,38,89
Endogenous,mmu-miR-467h+mmu-miR-669d+mmu-miR-669l,MIMAT0005855,135,168,129,162,147,128,126,151,114,159
Endogenous,mmu-miR-468,MIMAT0002109,106,107,84,102,133,108,97,123,89,118
Endogenous,mmu-miR-469,MIMAT0002110,24,27,21,14,19,31,19,24,22,23
Endogenous,mmu-miR-470,MIMAT0002111,36,35,36,20,16,21,15,17,24,32
Endogenous,mmu-miR-471,MIMAT0002112,34,31,32,25,27,33,29,26,32,30
Endogenous,mmu-miR-483,MIMAT0004782,102,103,88,82,107,79,97,131,76,112
Endogenous,mmu-miR-484,MIMAT0003127,176,164,194,166,127,161,119,186,131,175
Endogenous,mmu-miR-485,MIMAT0003128,79,97,105,100,121,93,103,105,89,95
Endogenous,mmu-miR-486,MIMAT0003130,850,1079,897,580,369,777,266,154,616,911
Endogenous,mmu-miR-487b,MIMAT0003184,47,42,51,23,32,47,20,28,31,38
Endogenous,mmu-miR-488,MIMAT0003450,137,108,103,64,62,94,65,91,77,130
Endogenous,mmu-miR-489,MIMAT0003112,51,45,44,32,32,30,41,41,30,56
Endogenous,mmu-miR-490,MIMAT0003780,115,125,121,133,100,127,104,177,95,147
Endogenous,mmu-miR-491,MIMAT0003486,76,80,78,95,92,95,85,103,62,90
Endogenous,mmu-miR-493,MIMAT0004888,120,144,126,134,113,131,115,152,112,130
Endogenous,mmu-miR-494,MIMAT0003182,19,23,27,17,19,26,14,19,16,23
Endogenous,mmu-miR-495,MIMAT0003456,94,90,93,70,49,71,36,39,73,95
Endogenous,mmu-miR-496,MIMAT0003738,55,71,58,38,38,54,34,24,28,75
Endogenous,mmu-miR-497,MIMAT0003453,86,78,86,80,85,75,87,92,86,98
Endogenous,mmu-miR-499,MIMAT0003482,197,137,144,92,94,248,58,41,151,180
Endogenous,mmu-miR-500,MIMAT0003507,39,37,32,37,38,35,32,33,36,38
Endogenous,mmu-miR-501-3p,MIMAT0003509,31,27,26,31,24,33,24,22,31,37
Endogenous,mmu-miR-501-5p,MIMAT0003508,151,161,146,194,157,172,136,180,139,167
Endogenous,mmu-miR-503,MIMAT0003188,31,30,31,25,32,30,32,21,28,32
Endogenous,mmu-miR-504,MIMAT0004889,37,48,32,25,26,40,19,31,28,44
Endogenous,mmu-miR-505,MIMAT0003513,64,73,68,69,69,68,65,102,64,84
Endogenous,mmu-miR-509-3p,MIMAT0004891,45,38,25,22,24,23,27,28,19,39
Endogenous,mmu-miR-509-5p,MIMAT0004890,103,91,95,97,95,91,103,136,77,107
Endogenous,mmu-miR-511,MIMAT0004940,95,59,60,35,44,52,53,48,51,76
Endogenous,mmu-miR-532-3p,MIMAT0004781,59,44,31,32,19,40,32,39,32,33
Endogenous,mmu-miR-532-5p,MIMAT0002889,258,272,213,180,127,212,106,129,160,207
Endogenous,mmu-miR-539,MIMAT0003169,107,112,100,124,81,111,95,136,100,126
Endogenous,mmu-miR-540-3p,MIMAT0003167,34,41,36,29,21,29,22,29,21,36
Endogenous,mmu-miR-540-5p,MIMAT0004786,37,32,25,24,30,29,22,33,24,26
Endogenous,mmu-miR-541,MIMAT0003170,127,137,111,128,114,136,124,180,97,133
Endogenous,mmu-miR-542-3p,MIMAT0003172,72,66,81,72,75,62,62,93,57,80
Endogenous,mmu-miR-542-5p,MIMAT0003171,125,152,148,140,162,144,120,152,120,138
Endogenous,mmu-miR-543,MIMAT0003168,1,1,1,1,1,1,1,1,1,1
Endogenous,mmu-miR-544,MIMAT0004941,31,26,27,29,28,19,23,17,29,46
Endogenous,mmu-miR-546,MIMAT0003166,23,30,30,31,20,36,27,25,18,23
Endogenous,mmu-miR-547,MIMAT0003173,50,47,43,49,44,49,34,51,39,47
Endogenous,mmu-miR-551b,MIMAT0003890,103,99,105,117,103,96,100,120,85,119
Endogenous,mmu-miR-568,MIMAT0004892,54,52,48,45,58,44,55,50,51,61
Endogenous,mmu-miR-574-3p,MIMAT0004894,226,251,272,175,170,210,162,197,157,223
Endogenous,mmu-miR-574-5p,MIMAT0004893,134,128,146,147,151,134,121,155,100,148
Endogenous,mmu-miR-582-3p,MIMAT0005292,33,46,39,32,25,39,32,28,28,32
Endogenous,mmu-miR-582-5p,MIMAT0005291,78,78,66,39,53,61,43,45,35,86
Endogenous,mmu-miR-590-3p,MIMAT0004896,19,25,24,22,21,22,22,22,25,20
Endogenous,mmu-miR-590-5p,MIMAT0004895,90,105,124,94,110,115,107,129,79,87
Endogenous,mmu-miR-592,MIMAT0003730,48,47,40,31,24,30,23,26,36,30
Endogenous,mmu-miR-599,MIMAT0012772,24,29,19,26,12,18,13,37,20,33
Endogenous,mmu-miR-615-3p,MIMAT0003783,20,25,23,19,17,26,17,33,37,23
Endogenous,mmu-miR-615-5p,MIMAT0004837,21,17,14,10,18,14,9,13,13,22
Endogenous,mmu-miR-652,MIMAT0003711,139,108,158,143,125,159,131,138,101,132
Endogenous,mmu-miR-653,MIMAT0004943,33,40,28,15,32,31,37,25,30,28
Endogenous,mmu-miR-654-3p,MIMAT0004898,114,94,95,97,107,107,96,143,76,103
Endogenous,mmu-miR-654-5p,MIMAT0004897,18,21,9,14,9,17,13,16,15,15
Endogenous,mmu-miR-664,MIMAT0012774,35,48,60,26,20,50,29,26,23,56
Endogenous,mmu-miR-665,MIMAT0003733,71,77,69,83,84,58,67,107,57,72
Endogenous,mmu-miR-666-3p,MIMAT0004823,82,77,78,81,97,80,71,111,66,86
Endogenous,mmu-miR-666-5p,MIMAT0003737,22,27,26,18,30,25,23,19,17,33
Endogenous,mmu-miR-667,MIMAT0003734,39,44,35,24,30,37,26,31,23,53
Endogenous,mmu-miR-668,MIMAT0003732,120,117,134,130,122,107,107,158,102,122
Endogenous,mmu-miR-669a,MIMAT0003477,136,131,107,134,111,133,122,141,91,125
Endogenous,mmu-miR-669e,MIMAT0005853,106,91,83,115,122,83,89,123,98,124
Endogenous,mmu-miR-669f,MIMAT0005839,93,89,75,64,52,94,57,48,72,82
Endogenous,mmu-miR-669g,MIMAT0005832,75,78,63,106,85,87,82,114,73,87
Endogenous,mmu-miR-669h-5p,MIMAT0005841,48,31,31,38,22,27,33,33,26,54
Endogenous,mmu-miR-669i,MIMAT0005840,101,110,111,133,113,108,97,117,95,124
Endogenous,mmu-miR-669j,MIMAT0005838,116,97,104,130,119,116,117,135,95,113
Endogenous,mmu-miR-669m,MIMAT0009419,27,36,17,18,15,24,20,17,23,23
Endogenous,mmu-miR-669o,MIMAT0009421,44,45,40,31,36,54,29,25,37,31
Endogenous,mmu-miR-670,MIMAT0003736,133,136,137,157,125,148,147,174,109,174
Endogenous,mmu-miR-671-3p,MIMAT0004821,124,117,121,91,116,119,98,135,110,115
Endogenous,mmu-miR-671-5p,MIMAT0003731,45,49,48,35,28,51,28,32,34,44
Endogenous,mmu-miR-672,MIMAT0003735,97,94,75,94,96,96,89,120,75,96
Endogenous,mmu-miR-673-3p,MIMAT0004824,27,22,18,19,20,20,24,20,19,28
Endogenous,mmu-miR-673-5p,MIMAT0003739,32,28,34,28,21,25,23,33,27,34
Endogenous,mmu-miR-674,MIMAT0003740,165,162,175,165,160,165,163,183,144,195
Endogenous,mmu-miR-675-3p,MIMAT0003726,75,52,73,34,29,63,34,47,39,76
Endogenous,mmu-miR-675-5p,MIMAT0003725,103,120,116,113,117,119,101,130,75,126
Endogenous,mmu-miR-676,MIMAT0003782,221,276,229,234,200,284,200,214,205,253
Endogenous,mmu-miR-677,MIMAT0003451,31,35,27,31,26,26,17,39,23,42
Endogenous,mmu-miR-678,MIMAT0003452,91,75,83,97,77,63,77,111,68,108
Endogenous,mmu-miR-679,MIMAT0003455,18,22,19,16,17,17,18,27,13,38
Endogenous,mmu-miR-680,MIMAT0003457,21,24,26,27,24,19,12,12,18,18
Endogenous,mmu-miR-681,MIMAT0003458,25,27,22,25,16,22,25,31,15,32
Endogenous,mmu-miR-682,MIMAT0003459,90,86,113,90,100,105,99,137,69,131
Endogenous,mmu-miR-683,MIMAT0003461,91,92,97,97,98,86,92,132,79,112
Endogenous,mmu-miR-684,MIMAT0003462,66,69,72,65,77,72,79,104,71,74
Endogenous,mmu-miR-686,MIMAT0003464,20,15,24,13,21,19,19,26,12,23
Endogenous,mmu-miR-687,MIMAT0003466,21,24,17,22,18,20,20,17,22,16
Endogenous,mmu-miR-688,MIMAT0003467,79,82,76,89,59,88,70,89,55,66
Endogenous,mmu-miR-689,MIMAT0003468,34,32,28,30,23,29,23,36,23,32
Endogenous,mmu-miR-690,MIMAT0003469,124,239,157,144,104,98,111,121,109,258
Endogenous,mmu-miR-691,MIMAT0003470,87,43,86,28,33,38,28,73,68,100
Endogenous,mmu-miR-692,MIMAT0003471,43,28,28,20,27,26,19,28,22,27
Endogenous,mmu-miR-693-3p,MIMAT0004189,23,38,33,22,17,29,21,25,24,39
Endogenous,mmu-miR-693-5p,MIMAT0003472,23,32,35,25,20,22,15,30,24,29
Endogenous,mmu-miR-694,MIMAT0003474,92,104,89,99,108,98,91,141,75,105
Endogenous,mmu-miR-695,MIMAT0003481,98,122,109,101,97,99,113,116,84,114
Endogenous,mmu-miR-696,MIMAT0003483,33,31,20,27,18,31,18,25,17,27
Endogenous,mmu-miR-697,MIMAT0003487,26,34,35,20,17,44,36,32,27,27
Endogenous,mmu-miR-698,MIMAT0003488,23,30,18,20,24,17,20,33,18,29
Endogenous,mmu-miR-700,MIMAT0003490,26,22,16,12,21,26,15,29,20,26
Endogenous,mmu-miR-701,MIMAT0003491,89,94,93,104,87,103,77,117,79,91
Endogenous,mmu-miR-702,MIMAT0003492,27,31,33,14,21,30,17,26,24,35
Endogenous,mmu-miR-703,MIMAT0003493,41,39,29,29,24,26,32,28,20,41
Endogenous,mmu-miR-704,MIMAT0003494,37,44,48,32,32,27,32,28,26,40
Endogenous,mmu-miR-706,MIMAT0003496,35,22,23,12,17,17,20,24,17,14
Endogenous,mmu-miR-707,MIMAT0003497,27,17,23,19,21,19,23,30,32,33
Endogenous,mmu-miR-708,MIMAT0004828,154,166,160,152,156,155,148,169,112,181
Endogenous,mmu-miR-709,MIMAT0003499,81,98,80,101,89,77,71,108,54,78
Endogenous,mmu-miR-710,MIMAT0003500,107,102,106,92,114,110,93,123,102,111
Endogenous,mmu-miR-711,MIMAT0003501,26,33,27,28,24,32,24,26,26,36
Endogenous,mmu-miR-712,MIMAT0003502,26,33,22,30,21,18,31,30,31,30
Endogenous,mmu-miR-713,MIMAT0003504,48,37,26,20,35,34,23,32,24,37
Endogenous,mmu-miR-714,MIMAT0003505,112,113,80,106,86,87,95,118,82,114
Endogenous,mmu-miR-715,MIMAT0003506,27,38,25,19,13,24,15,25,21,31
Endogenous,mmu-miR-717,MIMAT0003510,134,152,127,124,118,147,131,135,100,123
Endogenous,mmu-miR-718,MIMAT0003514,29,25,25,20,19,20,19,21,25,29
Endogenous,mmu-miR-719,MIMAT0003465,27,32,21,18,24,26,17,18,19,32
Endogenous,mmu-miR-720,MIMAT0003484,54354,48095,47281,31312,21952,55563,16368,15649,37632,67909
Endogenous,mmu-miR-741,MIMAT0004236,77,61,62,72,59,68,66,90,52,68
Endogenous,mmu-miR-742,MIMAT0004237,94,83,86,94,106,108,115,127,81,100
Endogenous,mmu-miR-743a,MIMAT0004238,26,19,17,19,20,22,15,24,17,20
Endogenous,mmu-miR-743b-3p,MIMAT0004840,35,40,28,23,27,27,22,28,27,35
Endogenous,mmu-miR-743b-5p,MIMAT0004839,28,25,23,29,14,27,24,18,31,50
Endogenous,mmu-miR-744,MIMAT0004187,21,30,28,20,24,25,20,30,15,28
Endogenous,mmu-miR-758,MIMAT0003889,21,25,19,24,32,12,21,32,13,29
Endogenous,mmu-miR-759,MIMAT0003897,83,87,78,92,77,76,73,128,71,103
Endogenous,mmu-miR-760,MIMAT0003898,120,111,105,127,120,133,102,193,78,125
Endogenous,mmu-miR-761,MIMAT0003893,96,122,99,117,108,95,110,128,90,128
Endogenous,mmu-miR-762,MIMAT0003892,105,117,106,108,107,77,109,128,93,96
Endogenous,mmu-miR-763,MIMAT0003896,30,24,17,9,11,13,14,20,11,23
Endogenous,mmu-miR-764-3p,MIMAT0003895,124,104,98,115,99,96,73,147,78,109
Endogenous,mmu-miR-764-5p,MIMAT0003894,77,80,98,85,88,83,81,96,66,83
Endogenous,mmu-miR-767,MIMAT0012773,90,95,101,103,74,88,118,118,77,98
Endogenous,mmu-miR-770-3p,MIMAT0003891,124,116,109,120,111,124,139,162,86,130
Endogenous,mmu-miR-770-5p,MIMAT0004822,79,62,81,104,65,79,77,111,66,103
Endogenous,mmu-miR-7a,MIMAT0000677,90,100,93,82,78,89,87,120,79,98
Endogenous,mmu-miR-7b,MIMAT0000678,124,112,122,120,102,92,108,134,104,116
Endogenous,mmu-miR-802,MIMAT0004188,34,37,28,34,43,34,31,38,24,45
Endogenous,mmu-miR-804,MIMAT0004210,99,80,105,98,91,112,103,111,92,114
Endogenous,mmu-miR-871,MIMAT0004841,107,102,118,144,135,112,99,126,82,124
Endogenous,mmu-miR-872,MIMAT0004934,237,317,273,283,208,312,187,212,204,308
Endogenous,mmu-miR-873,MIMAT0004936,109,128,116,144,108,107,116,161,113,140
Endogenous,mmu-miR-874,MIMAT0004853,25,25,17,17,17,29,12,24,13,32
Endogenous,mmu-miR-875-3p,MIMAT0004938,96,94,92,102,89,96,79,136,76,123
Endogenous,mmu-miR-875-5p,MIMAT0004937,45,67,52,57,46,54,61,70,51,59
Endogenous,mmu-miR-876-3p,MIMAT0004855,168,119,158,114,135,139,87,106,109,151
Endogenous,mmu-miR-876-5p,MIMAT0004854,62,55,53,22,45,51,48,54,40,72
Endogenous,mmu-miR-877,MIMAT0004861,99,109,78,113,77,97,95,122,53,95
Endogenous,mmu-miR-878-3p,MIMAT0004933,59,56,36,23,40,54,50,46,46,83
Endogenous,mmu-miR-878-5p,MIMAT0004932,48,60,42,27,37,37,55,51,41,55
Endogenous,mmu-miR-879,MIMAT0004842,124,107,120,121,105,105,108,164,79,137
Endogenous,mmu-miR-880,MIMAT0004844,36,30,32,26,21,23,25,37,30,41
Endogenous,mmu-miR-881,MIMAT0004846,76,72,73,89,85,83,76,82,66,90
Endogenous,mmu-miR-882,MIMAT0004847,89,96,102,101,97,93,103,109,57,107
Endogenous,mmu-miR-883a-3p,MIMAT0004849,64,101,76,114,73,94,91,121,77,78
Endogenous,mmu-miR-883a-5p,MIMAT0004848,97,113,134,104,129,121,124,130,101,129
Endogenous,mmu-miR-883b-3p,MIMAT0004851,31,28,26,27,30,24,26,26,19,34
Endogenous,mmu-miR-883b-5p,MIMAT0004850,71,94,94,111,98,120,100,111,62,97
Endogenous,mmu-miR-9,MIMAT0000142,161,118,199,93,66,148,35,36,76,180
Endogenous,mmu-miR-92a,MIMAT0000539,36,32,27,28,29,29,23,19,18,35
Endogenous,mmu-miR-92b,MIMAT0004899,23,27,17,13,23,22,18,28,27,22
Endogenous,mmu-miR-93,MIMAT0000540,269,239,257,178,115,293,93,77,177,227
Endogenous,mmu-miR-96,MIMAT0000541,397,397,595,233,185,520,180,240,265,385
Endogenous,mmu-miR-98,MIMAT0000545,576,499,541,337,277,363,203,242,451,509
Endogenous,mmu-miR-99a,MIMAT0000131,4157,4402,4307,4334,3083,5368,2906,2848,4306,4765
Endogenous,mmu-miR-99b,MIMAT0000132,392,350,368,216,168,233,163,207,230,307
Housekeeping,Actb,NM_007393.1,3549,4394,3601,5397,4873,4319,5745,4989,3424,2908
Housekeeping,B2m,NM_009735.3,1309,1043,1040,1895,2645,1335,1653,1742,1035,1127
Housekeeping,Gapdh,NM_008084.1,1595,1811,1249,1849,1577,1594,1150,949,1174,1835
Housekeeping,Rpl19,NM_009078.1,1308,1499,1355,1818,1966,1507,1655,1716,1348,1364
