File Name,,,20220818_run5_GIII-8W-10_12.RCC,20220818_run5_GIII-8W-1_03.RCC,20220818_run5_GIII-8W-2_04.RCC,20220818_run5_GIII-8W-3_05.RCC,20220818_run5_GIII-8W-4_06.RCC,20220818_run5_GIII-8W-5_07.RCC,20220818_run5_GIII-8W-6_08.RCC,20220818_run5_GIII-8W-7_09.RCC,20220818_run5_GIII-8W-8_10.RCC,20220818_run5_GIII-8W-9_11.RCC
Description,,,,,,,,,,,,
Sample ID,,,GIII-8W-10,GIII-8W-1,GIII-8W-2,GIII-8W-3,GIII-8W-4,GIII-8W-5,GIII-8W-6,GIII-8W-7,GIII-8W-8,GIII-8W-9
Owner,,,Aravindraja Chairmandurai,Aravindraja Chairmandurai,Aravindraja Chairmandurai,Aravindraja Chairmandurai,Aravindraja Chairmandurai,Aravindraja Chairmandurai,Aravindraja Chairmandurai,Aravindraja Chairmandurai,Aravindraja Chairmandurai,Aravindraja Chairmandurai
Sample Date,,,8/18/2022,8/18/2022,8/18/2022,8/18/2022,8/18/2022,8/18/2022,8/18/2022,8/18/2022,8/18/2022,8/18/2022
File Version,,,1.7,1.7,1.7,1.7,1.7,1.7,1.7,1.7,1.7,1.7
Gene RLF,,,NS_M_MIR_V1.5,NS_M_MIR_V1.5,NS_M_MIR_V1.5,NS_M_MIR_V1.5,NS_M_MIR_V1.5,NS_M_MIR_V1.5,NS_M_MIR_V1.5,NS_M_MIR_V1.5,NS_M_MIR_V1.5,NS_M_MIR_V1.5
Comments,,,Left Mandibles-miRNA,Left Mandibles-miRNA,Left Mandibles-miRNA,Left Mandibles-miRNA,Left Mandibles-miRNA,Left Mandibles-miRNA,Left Mandibles-miRNA,Left Mandibles-miRNA,Left Mandibles-miRNA,Left Mandibles-miRNA
Lane ID,,,12,3,4,5,6,7,8,9,10,11
FOV Count,,,555,555,555,555,555,555,555,555,555,555
FOV Counted,,,549,541,550,551,549,551,547,545,545,545
Scanner ID,,,1706C0464,1706C0464,1706C0464,1706C0464,1706C0464,1706C0464,1706C0464,1706C0464,1706C0464,1706C0464
Stage Position,,,1,1,1,1,1,1,1,1,1,1
Binding Density,,,0.78,0.45,0.45,0.59,0.55,0.52,0.43,0.61,0.62,0.73
Messages,,,,,,,,,,,,
Positive,POS_A,ERCC_00117.1,40422,40244,46185,40395,43935,31765,40752,33056,38066,40077
Positive,POS_B,ERCC_00112.1,19315,20426,24283,20101,21107,15650,20726,17202,19393,20700
Positive,POS_C,ERCC_00002.1,4704,4962,5612,4970,5160,3896,4923,4150,4776,4927
Positive,POS_D,ERCC_00092.1,945,981,1075,934,958,766,965,802,952,957
Positive,POS_E,ERCC_00035.1,204,212,262,198,201,176,219,220,209,239
Positive,POS_F,ERCC_00034.1,105,121,110,104,144,108,105,93,108,100
Negative,NEG_A,ERCC_00096.1,32,23,18,27,28,32,24,30,13,26
Negative,NEG_B,ERCC_00041.1,97,67,59,58,49,52,73,62,87,88
Negative,NEG_C,ERCC_00019.1,117,66,74,100,90,69,87,81,112,103
Negative,NEG_D,ERCC_00076.1,18,19,24,26,17,20,18,31,19,28
Negative,NEG_E,ERCC_00098.1,36,22,20,24,29,15,29,18,27,17
Negative,NEG_F,ERCC_00126.1,106,110,93,94,78,93,93,82,93,108
Negative,NEG_G,ERCC_00144.1,44,39,46,31,29,50,32,47,62,58
Negative,NEG_H,ERCC_00154.1,69,58,48,48,53,59,55,69,77,70
Ligation,LIG_NEG_A,nmiR00810.1,105,108,82,96,75,99,113,86,133,139
Ligation,LIG_NEG_B,nmiR00828.1,59,26,25,28,48,35,23,34,25,42
Ligation,LIG_NEG_C,nmiR00803.1,17,14,11,19,21,9,18,27,21,28
Ligation,LIG_POS_A,nmiR00813.1,30391,18294,9893,19098,26189,32996,23505,24262,26035,26055
Ligation,LIG_POS_B,nmiR00809.1,4687,3463,1895,3494,4615,4776,4108,4263,4317,4389
Ligation,LIG_POS_C,nmiR00811.1,877,499,356,574,667,1113,632,782,781,810
SpikeIn,ath-miR159a,MIMAT0000177,31,22,10,21,17,21,21,30,31,20
SpikeIn,cel-miR-248,MIMAT0000304,26,16,12,23,24,25,14,35,19,21
SpikeIn,osa-miR414,MIMAT0001330,34,26,30,20,28,27,25,30,29,39
Endogenous,mcmv-miR-M23-1-3p,MIMAT0005543,114,115,92,96,69,105,98,91,113,151
Endogenous,mcmv-miR-M23-1-5p,MIMAT0005542,100,79,91,83,69,86,79,93,116,102
Endogenous,mcmv-miR-M23-2,MIMAT0005545,35,18,20,20,23,22,28,28,22,21
Endogenous,mcmv-miR-M44-1,MIMAT0005546,36,24,26,31,23,35,29,31,35,32
Endogenous,mcmv-miR-M55-1,MIMAT0005547,101,72,69,72,64,88,72,78,91,103
Endogenous,mcmv-miR-M87-1,MIMAT0005550,45,22,20,21,22,33,23,32,35,40
Endogenous,mcmv-miR-M95-1-3p,MIMAT0005554,50,50,55,44,22,33,41,42,69,54
Endogenous,mcmv-miR-M95-1-5p,MIMAT0005553,23,14,16,10,22,33,16,28,17,26
Endogenous,mcmv-miR-m01-1,MIMAT0005533,117,105,81,86,75,97,87,96,137,111
Endogenous,mcmv-miR-m01-2,MIMAT0005534,93,79,83,97,62,98,87,88,126,107
Endogenous,mcmv-miR-m01-3,MIMAT0005536,93,78,78,65,51,85,66,73,91,85
Endogenous,mcmv-miR-m01-4,MIMAT0005538,34,22,17,14,17,17,21,19,16,27
Endogenous,mcmv-miR-m107-1-3p,MIMAT0005556,142,110,110,111,76,114,115,113,187,143
Endogenous,mcmv-miR-m107-1-5p,MIMAT0005555,128,99,87,97,74,90,78,125,117,109
Endogenous,mcmv-miR-m108-1,MIMAT0005558,142,104,103,96,73,96,95,102,124,147
Endogenous,mcmv-miR-m108-2-3p,MIMAT0005561,21,13,31,21,14,19,15,14,30,23
Endogenous,mcmv-miR-m108-2-5p.1,MIMAT0005560,133,85,108,82,70,111,105,93,122,132
Endogenous,mcmv-miR-m108-2-5p.2,MIMAT0005559,23,29,19,24,17,19,14,26,22,29
Endogenous,mcmv-miR-m21-1,MIMAT0005540,135,105,85,63,61,86,86,69,96,100
Endogenous,mcmv-miR-m22-1,MIMAT0005541,36,29,18,38,26,26,28,35,39,43
Endogenous,mcmv-miR-m59-1,MIMAT0005548,28,17,18,19,20,29,10,29,23,22
Endogenous,mcmv-miR-m59-2,MIMAT0005549,110,86,85,77,79,91,84,89,134,111
Endogenous,mcmv-miR-m88-1,MIMAT0005552,127,83,82,93,74,91,75,99,132,116
Endogenous,mghv-miR-M1-1,MIMAT0001564,100,68,59,75,48,82,62,71,93,111
Endogenous,mghv-miR-M1-2,MIMAT0001565,116,81,97,118,83,101,90,131,130,131
Endogenous,mghv-miR-M1-3,MIMAT0001566,110,74,72,73,51,85,70,85,88,96
Endogenous,mghv-miR-M1-4,MIMAT0001567,106,90,106,111,81,112,97,95,147,137
Endogenous,mghv-miR-M1-5,MIMAT0001568,141,108,90,94,75,109,96,86,132,152
Endogenous,mghv-miR-M1-6,MIMAT0001569,18,22,12,15,23,17,14,21,20,28
Endogenous,mghv-miR-M1-7-3p,MIMAT0001571,121,92,89,87,48,104,96,87,107,121
Endogenous,mghv-miR-M1-7-5p,MIMAT0001570,98,87,102,77,69,105,84,100,121,99
Endogenous,mghv-miR-M1-8,MIMAT0001572,120,102,102,83,87,131,102,104,145,136
Endogenous,mghv-miR-M1-9,MIMAT0001573,18,15,8,23,16,17,11,20,27,10
Endogenous,mmu-let-7a,MIMAT0000521,23272,13506,8201,16210,15130,19952,12498,23187,27014,28229
Endogenous,mmu-let-7b,MIMAT0000522,17608,10039,9811,12547,12878,14322,11009,15942,21943,23728
Endogenous,mmu-let-7c,MIMAT0000523,16241,9268,6179,11168,10814,14664,8977,17039,18288,21063
Endogenous,mmu-let-7d,MIMAT0000383,13281,8235,8295,8284,9174,9411,7217,12080,13116,15259
Endogenous,mmu-let-7e,MIMAT0000524,1995,926,870,1192,1318,1673,1002,1758,1939,2370
Endogenous,mmu-let-7f,MIMAT0000525,7764,4911,3384,5053,5322,5112,3691,7941,7768,9020
Endogenous,mmu-let-7g,MIMAT0000121,21729,13753,12051,14633,14599,16140,12414,19193,28139,25478
Endogenous,mmu-let-7i,MIMAT0000122,10965,6308,5910,6561,7124,8090,5780,9990,10660,12717
Endogenous,mmu-miR-1,MIMAT0000123,80168,22383,9903,20145,40149,60286,13929,57519,12875,39855
Endogenous,mmu-miR-100,MIMAT0000655,1846,734,673,883,1134,1298,732,1492,1255,1851
Endogenous,mmu-miR-101a,MIMAT0000133,274,137,88,144,141,191,99,223,171,246
Endogenous,mmu-miR-101b,MIMAT0000616,206,167,129,137,141,199,146,207,193,239
Endogenous,mmu-miR-103,MIMAT0000546,736,302,267,315,366,594,377,515,665,820
Endogenous,mmu-miR-105,MIMAT0004856,144,98,115,111,85,121,93,103,155,128
Endogenous,mmu-miR-106a+mmu-miR-17,MIMAT0000385,1877,936,801,935,956,1546,972,1394,1591,2051
Endogenous,mmu-miR-106b,MIMAT0000386,543,258,188,247,295,417,222,427,382,537
Endogenous,mmu-miR-107,MIMAT0000647,176,79,56,83,99,128,84,145,205,228
Endogenous,mmu-miR-10a,MIMAT0000648,122,77,65,58,81,82,66,99,76,128
Endogenous,mmu-miR-10b,MIMAT0000208,307,206,211,182,206,259,241,239,335,408
Endogenous,mmu-miR-1186,MIMAT0005836,39,15,33,23,29,29,31,35,33,35
Endogenous,mmu-miR-1186b,MIMAT0015644,36,28,36,44,36,24,34,39,29,42
Endogenous,mmu-miR-1187,MIMAT0005837,145,108,108,108,70,103,95,108,134,132
Endogenous,mmu-miR-1188,MIMAT0005843,102,79,90,92,58,95,61,83,98,104
Endogenous,mmu-miR-1190,MIMAT0005847,101,83,98,81,76,107,82,107,117,120
Endogenous,mmu-miR-1191,MIMAT0005849,25,20,28,29,24,26,22,27,34,29
Endogenous,mmu-miR-1192,MIMAT0005850,19,12,12,17,19,8,7,13,16,15
Endogenous,mmu-miR-1193,MIMAT0005851,45,33,29,26,33,47,25,39,33,35
Endogenous,mmu-miR-1194,MIMAT0005852,103,81,80,69,62,73,59,75,109,100
Endogenous,mmu-miR-1195,MIMAT0005856,92,80,71,68,43,82,80,70,87,109
Endogenous,mmu-miR-1196,MIMAT0005857,122,96,79,78,76,94,67,99,125,143
Endogenous,mmu-miR-1197,MIMAT0005858,74,60,62,67,54,74,75,78,95,87
Endogenous,mmu-miR-1198,MIMAT0005859,162,91,84,84,122,110,66,141,122,162
Endogenous,mmu-miR-1199,MIMAT0005860,32,23,18,18,23,19,16,22,21,29
Endogenous,mmu-miR-122,MIMAT0000246,45,19,14,31,29,28,30,57,39,34
Endogenous,mmu-miR-1224,MIMAT0005460,798,424,475,378,714,679,338,1169,434,887
Endogenous,mmu-miR-124,MIMAT0000134,189,138,125,145,96,145,100,149,387,241
Endogenous,mmu-miR-125a-3p,MIMAT0004528,133,109,100,120,92,93,72,112,152,139
Endogenous,mmu-miR-125a-5p,MIMAT0000135,3701,1956,2047,2589,2596,3042,2192,3569,3550,5309
Endogenous,mmu-miR-125b-3p,MIMAT0004669,85,55,69,55,41,75,52,65,88,96
Endogenous,mmu-miR-125b-5p,MIMAT0000136,17606,5650,5631,7675,8883,14615,6956,14965,12823,20267
Endogenous,mmu-miR-126-3p,MIMAT0000138,24727,18424,20611,16615,18127,13250,14546,22211,17838,29177
Endogenous,mmu-miR-126-5p,MIMAT0000137,2253,1053,766,918,1245,1174,796,1490,1176,1645
Endogenous,mmu-miR-127,MIMAT0000139,110,60,55,81,74,93,55,101,126,143
Endogenous,mmu-miR-1274a,MIMAT0009445,90,61,34,51,26,58,47,58,65,59
Endogenous,mmu-miR-128,MIMAT0000140,149,96,94,105,107,141,103,141,130,155
Endogenous,mmu-miR-129-3p,MIMAT0000544,146,129,103,96,87,104,109,119,172,150
Endogenous,mmu-miR-129-5p,MIMAT0000209,149,104,98,80,77,120,106,131,132,127
Endogenous,mmu-miR-1306,MIMAT0009411,98,68,72,68,53,78,85,60,92,110
Endogenous,mmu-miR-130a,MIMAT0000141,1524,648,656,651,705,877,703,1295,1166,1694
Endogenous,mmu-miR-130b,MIMAT0000387,166,112,114,100,90,134,83,155,130,168
Endogenous,mmu-miR-132,MIMAT0000144,334,206,216,258,217,214,174,260,449,355
Endogenous,mmu-miR-133a,MIMAT0000145,16234,6505,5678,5182,11230,8790,2485,13831,2203,10143
Endogenous,mmu-miR-133b,MIMAT0000769,581,253,204,194,263,395,171,567,189,417
Endogenous,mmu-miR-134,MIMAT0000146,113,92,93,105,80,114,106,120,151,138
Endogenous,mmu-miR-135a,MIMAT0000147,252,208,226,222,186,204,275,250,798,294
Endogenous,mmu-miR-135b,MIMAT0000612,50,32,30,30,30,33,24,24,45,48
Endogenous,mmu-miR-136,MIMAT0000148,1126,561,623,648,769,703,533,1009,971,1304
Endogenous,mmu-miR-137,MIMAT0000149,40,18,20,24,17,22,15,30,57,22
Endogenous,mmu-miR-138,MIMAT0000150,32,19,14,20,25,20,14,22,70,26
Endogenous,mmu-miR-139-3p,MIMAT0004662,25,17,20,21,19,13,17,18,26,31
Endogenous,mmu-miR-139-5p,MIMAT0000656,246,196,203,175,175,153,113,205,176,259
Endogenous,mmu-miR-140,MIMAT0000151,359,133,110,181,172,236,156,281,318,385
Endogenous,mmu-miR-141,MIMAT0000153,281,169,146,189,163,215,186,228,983,392
Endogenous,mmu-miR-142-3p,MIMAT0000155,3835,1577,1390,1338,1889,2767,1300,2354,3192,3692
Endogenous,mmu-miR-142-5p,MIMAT0000154,396,257,282,298,222,305,356,306,367,372
Endogenous,mmu-miR-143,MIMAT0000247,1849,743,515,745,813,1236,782,1199,1620,1452
Endogenous,mmu-miR-144,MIMAT0000156,1977,1201,1096,805,1556,1737,711,1881,863,2538
Endogenous,mmu-miR-145,MIMAT0000157,3294,1562,1167,1648,1728,2198,1378,2431,2717,2962
Endogenous,mmu-miR-146a,MIMAT0000158,1669,830,559,743,620,1130,657,1065,1505,1479
Endogenous,mmu-miR-146b,MIMAT0003475,132,83,89,69,66,111,85,119,143,124
Endogenous,mmu-miR-147,MIMAT0004857,25,32,16,20,21,12,29,17,37,30
Endogenous,mmu-miR-148a,MIMAT0000516,10677,5452,5182,9244,7385,9264,8189,9961,32030,16749
Endogenous,mmu-miR-148b,MIMAT0000580,450,196,188,295,299,371,221,410,526,553
Endogenous,mmu-miR-149,MIMAT0000159,451,198,149,216,337,353,149,401,212,440
Endogenous,mmu-miR-150,MIMAT0000160,2202,1595,1625,1341,1800,1379,1151,1941,3170,2453
Endogenous,mmu-miR-151-3p,MIMAT0000161,72,34,42,47,49,59,41,65,67,93
Endogenous,mmu-miR-151-5p,MIMAT0004536,1693,649,656,865,1116,1308,713,1415,1531,1833
Endogenous,mmu-miR-152,MIMAT0000162,1096,299,363,507,550,873,426,1013,1230,1391
Endogenous,mmu-miR-153,MIMAT0000163,29,13,14,18,13,14,24,16,17,29
Endogenous,mmu-miR-154,MIMAT0000164,115,77,72,94,78,111,79,130,137,140
Endogenous,mmu-miR-155,MIMAT0000165,1,1,1,1,1,1,1,1,1,1
Endogenous,mmu-miR-15a,MIMAT0000526,3641,2003,2201,2064,2219,2801,2038,3064,3754,4669
Endogenous,mmu-miR-15b,MIMAT0000124,3740,2369,2104,2201,2772,3232,2282,3391,3485,5101
Endogenous,mmu-miR-16,MIMAT0000527,17007,4899,3910,5619,7181,12605,5754,12026,12288,15964
Endogenous,mmu-miR-181a,MIMAT0000210,5457,2197,2848,3898,4125,4621,2233,6124,3746,8675
Endogenous,mmu-miR-181b+mmu-miR-181d,MIMAT0000673,106,67,72,59,53,97,78,68,96,99
Endogenous,mmu-miR-181c,MIMAT0000674,241,138,145,156,139,191,131,218,209,274
Endogenous,mmu-miR-182,MIMAT0000211,36,34,20,30,22,37,32,39,93,48
Endogenous,mmu-miR-183,MIMAT0000212,361,304,134,255,214,248,191,332,2823,443
Endogenous,mmu-miR-1839-3p,MIMAT0009457,21,15,17,25,18,20,11,24,35,25
Endogenous,mmu-miR-1839-5p,MIMAT0009456,100,71,62,89,84,110,67,115,151,144
Endogenous,mmu-miR-184,MIMAT0000213,104,75,65,66,41,94,69,82,98,110
Endogenous,mmu-miR-185,MIMAT0000214,182,79,68,92,99,118,73,127,126,150
Endogenous,mmu-miR-186,MIMAT0000215,65,45,55,33,48,55,45,44,63,65
Endogenous,mmu-miR-187,MIMAT0000216,122,89,80,84,72,95,100,86,147,131
Endogenous,mmu-miR-188-3p,MIMAT0004541,32,21,20,27,19,22,22,15,21,25
Endogenous,mmu-miR-188-5p,MIMAT0000217,48,21,22,42,28,25,20,26,29,39
Endogenous,mmu-miR-1892,MIMAT0007871,130,100,82,76,69,107,80,92,152,146
Endogenous,mmu-miR-1893,MIMAT0007879,121,78,107,80,66,88,69,103,128,142
Endogenous,mmu-miR-1894-3p,MIMAT0007878,25,16,24,16,24,19,23,27,22,24
Endogenous,mmu-miR-1894-5p,MIMAT0007877,82,45,44,54,34,56,51,42,55,62
Endogenous,mmu-miR-1895,MIMAT0007867,106,84,68,86,56,82,81,92,106,106
Endogenous,mmu-miR-1896,MIMAT0007873,30,28,26,25,16,21,22,26,36,28
Endogenous,mmu-miR-1897-3p,MIMAT0007865,19,10,17,9,12,13,10,10,13,19
Endogenous,mmu-miR-1898,MIMAT0007875,93,78,85,76,63,84,72,76,116,92
Endogenous,mmu-miR-1899,MIMAT0007869,35,29,21,32,33,30,33,40,38,36
Endogenous,mmu-miR-18a,MIMAT0000528,40,22,32,34,32,20,32,20,31,38
Endogenous,mmu-miR-18b,MIMAT0004858,24,13,20,15,21,21,17,14,22,18
Endogenous,mmu-miR-190,MIMAT0000220,356,169,185,167,181,244,176,274,304,363
Endogenous,mmu-miR-1900,MIMAT0007870,86,74,55,52,39,74,52,66,68,81
Endogenous,mmu-miR-1901,MIMAT0007880,73,51,67,78,52,64,66,53,89,75
Endogenous,mmu-miR-1902,MIMAT0007863,234,272,120,189,166,329,211,415,382,343
Endogenous,mmu-miR-1903,MIMAT0007868,114,85,70,91,38,79,79,95,110,121
Endogenous,mmu-miR-1904,MIMAT0007874,80,59,44,54,47,67,56,62,77,78
Endogenous,mmu-miR-1905,MIMAT0007866,7,13,8,7,9,10,9,13,13,20
Endogenous,mmu-miR-1906,MIMAT0007872,68,55,65,62,38,44,44,56,72,74
Endogenous,mmu-miR-1907,MIMAT0007876,25,14,18,22,11,14,10,16,19,22
Endogenous,mmu-miR-190b,MIMAT0004852,28,17,15,23,30,21,19,37,29,35
Endogenous,mmu-miR-191,MIMAT0000221,308,173,179,166,199,262,153,280,283,354
Endogenous,mmu-miR-192,MIMAT0000517,119,90,81,93,62,105,83,115,113,152
Endogenous,mmu-miR-1927,MIMAT0009390,21,9,5,11,15,9,14,16,11,17
Endogenous,mmu-miR-1928,MIMAT0009391,135,95,90,93,72,105,99,90,123,125
Endogenous,mmu-miR-1929,MIMAT0009392,105,89,91,88,62,123,109,114,115,124
Endogenous,mmu-miR-193,MIMAT0000223,62,49,44,53,51,48,39,66,56,85
Endogenous,mmu-miR-1930,MIMAT0009393,23,14,16,19,29,18,16,24,19,22
Endogenous,mmu-miR-1931,MIMAT0009394,31,23,22,25,23,20,27,26,32,33
Endogenous,mmu-miR-1932,MIMAT0009395,22,11,15,14,18,7,13,12,17,15
Endogenous,mmu-miR-1933-3p,MIMAT0009397,26,20,19,27,24,21,23,23,32,31
Endogenous,mmu-miR-1933-5p,MIMAT0009396,46,23,20,24,29,30,28,35,22,44
Endogenous,mmu-miR-1934,MIMAT0009398,24,19,14,18,21,18,12,18,25,27
Endogenous,mmu-miR-1935,MIMAT0009399,29,21,28,22,21,26,15,20,28,32
Endogenous,mmu-miR-1936,MIMAT0009400,15,14,13,9,12,14,9,18,20,20
Endogenous,mmu-miR-1937a+mmu-miR-1937b,MIMAT0009401,1837,1706,770,1344,1328,1379,1207,2039,1722,1479
Endogenous,mmu-miR-1937c,MIMAT0009429,1085,599,284,509,581,711,495,850,732,784
Endogenous,mmu-miR-1938,MIMAT0009402,32,14,23,19,25,23,19,30,33,40
Endogenous,mmu-miR-1939,MIMAT0009403,34,19,15,22,24,22,19,22,28,36
Endogenous,mmu-miR-193b,MIMAT0004859,136,95,93,77,56,112,80,79,110,119
Endogenous,mmu-miR-194,MIMAT0000224,181,106,94,99,89,133,103,128,140,172
Endogenous,mmu-miR-1940,MIMAT0009404,116,104,103,102,59,100,109,91,118,136
Endogenous,mmu-miR-1941-3p,MIMAT0009406,111,84,89,85,50,80,77,81,117,113
Endogenous,mmu-miR-1941-5p,MIMAT0009405,82,77,58,49,48,75,67,73,73,91
Endogenous,mmu-miR-1942,MIMAT0009407,142,88,86,83,64,107,87,95,107,110
Endogenous,mmu-miR-1943,MIMAT0009408,119,94,122,104,98,119,99,110,145,134
Endogenous,mmu-miR-1944,MIMAT0009409,1845,1030,1097,1122,966,1515,1095,1473,1977,2136
Endogenous,mmu-miR-1945,MIMAT0009410,96,88,104,103,73,120,93,89,123,120
Endogenous,mmu-miR-1946a,MIMAT0009412,91,71,87,79,46,84,69,76,103,93
Endogenous,mmu-miR-1946b,MIMAT0009443,10,13,11,20,14,14,17,16,18,22
Endogenous,mmu-miR-1947,MIMAT0009413,33,28,26,19,19,13,20,31,30,15
Endogenous,mmu-miR-1948,MIMAT0009415,13,13,13,12,11,7,12,15,12,20
Endogenous,mmu-miR-1949,MIMAT0009416,34,45,22,22,40,36,26,50,47,44
Endogenous,mmu-miR-195,MIMAT0000225,250,73,65,81,101,133,78,142,134,191
Endogenous,mmu-miR-1950,MIMAT0009417,22,8,15,10,19,17,15,16,20,17
Endogenous,mmu-miR-1951,MIMAT0009422,36,25,19,41,36,37,20,31,30,35
Endogenous,mmu-miR-1952,MIMAT0009423,98,35,36,28,50,69,33,70,40,62
Endogenous,mmu-miR-1953,MIMAT0009424,40,25,20,21,21,14,18,25,37,29
Endogenous,mmu-miR-1954,MIMAT0009425,19,15,13,15,16,22,16,16,27,21
Endogenous,mmu-miR-1955,MIMAT0009426,22,10,16,16,13,16,9,23,16,17
Endogenous,mmu-miR-1956,MIMAT0009428,124,87,80,78,71,97,75,85,106,112
Endogenous,mmu-miR-1957,MIMAT0009430,95,82,75,71,61,88,77,87,91,113
Endogenous,mmu-miR-1958,MIMAT0009431,120,87,100,96,70,91,88,93,145,117
Endogenous,mmu-miR-1959,MIMAT0009432,92,62,48,56,42,58,56,49,63,88
Endogenous,mmu-miR-1960,MIMAT0009433,49,45,40,44,22,40,28,32,51,55
Endogenous,mmu-miR-1961,MIMAT0009434,88,66,56,52,46,79,79,75,92,100
Endogenous,mmu-miR-1962,MIMAT0009435,120,80,61,76,62,100,81,79,110,91
Endogenous,mmu-miR-1963,MIMAT0009436,144,102,133,100,92,128,105,127,166,150
Endogenous,mmu-miR-1964,MIMAT0009437,145,118,91,125,90,126,109,125,153,145
Endogenous,mmu-miR-1965,MIMAT0009438,115,100,95,92,82,97,98,100,129,141
Endogenous,mmu-miR-1966,MIMAT0009439,99,93,81,82,61,83,81,98,143,121
Endogenous,mmu-miR-1967,MIMAT0009440,136,99,111,100,73,115,103,122,153,161
Endogenous,mmu-miR-1968,MIMAT0009441,73,60,75,83,44,82,66,73,78,108
Endogenous,mmu-miR-1969,MIMAT0009442,27,20,15,20,17,20,12,17,21,32
Endogenous,mmu-miR-196a,MIMAT0000518,39,31,29,24,20,20,23,69,41,48
Endogenous,mmu-miR-196b,MIMAT0001081,38,24,13,31,26,32,23,30,39,43
Endogenous,mmu-miR-1970,MIMAT0009444,29,20,24,20,17,20,23,25,26,26
Endogenous,mmu-miR-1971,MIMAT0009446,11,10,8,15,17,12,9,9,19,19
Endogenous,mmu-miR-1981,MIMAT0009458,24,19,18,16,21,21,12,17,23,23
Endogenous,mmu-miR-1982,MIMAT0009460,29,16,16,12,16,25,11,20,20,22
Endogenous,mmu-miR-1983,MIMAT0009455,51,33,28,36,25,54,37,57,41,50
Endogenous,mmu-miR-199a-3p,MIMAT0000230,21136,12331,15580,18193,16527,18345,14657,19008,20318,31037
Endogenous,mmu-miR-199a-5p,MIMAT0000229,8986,3685,3348,5455,5998,7180,4556,7938,6322,11269
Endogenous,mmu-miR-19a,MIMAT0000651,824,385,305,386,404,612,355,612,578,837
Endogenous,mmu-miR-19b,MIMAT0000513,257,112,124,125,160,208,117,191,230,266
Endogenous,mmu-miR-200a,MIMAT0000519,883,469,314,667,314,558,484,590,3984,841
Endogenous,mmu-miR-200b,MIMAT0000233,451,279,235,307,191,250,258,289,1182,402
Endogenous,mmu-miR-200c,MIMAT0000657,1164,954,924,990,718,784,899,1047,3470,1643
Endogenous,mmu-miR-201,MIMAT0000234,87,51,72,55,40,58,44,53,78,92
Endogenous,mmu-miR-202-3p,MIMAT0000235,136,119,101,96,88,107,110,113,126,151
Endogenous,mmu-miR-202-5p,MIMAT0004546,151,125,110,102,89,139,101,121,168,135
Endogenous,mmu-miR-203,MIMAT0000236,6876,4712,3077,4066,2935,6346,4703,4074,7860,6930
Endogenous,mmu-miR-204,MIMAT0000237,495,347,413,408,394,490,259,488,1283,657
Endogenous,mmu-miR-205,MIMAT0000238,21023,12048,11785,13843,10710,18606,14629,13993,30023,26900
Endogenous,mmu-miR-206,MIMAT0000239,2048,1735,1297,1304,1395,1733,1440,2350,1249,2826
Endogenous,mmu-miR-207,MIMAT0000240,99,82,87,76,55,78,81,68,98,103
Endogenous,mmu-miR-208a,MIMAT0000520,48,22,29,40,40,42,31,45,41,62
Endogenous,mmu-miR-208b,MIMAT0004939,20,13,21,19,18,21,20,22,22,21
Endogenous,mmu-miR-20a+mmu-miR-20b,MIMAT0000529,2915,1998,1992,1692,1757,2380,2017,2426,3240,3512
Endogenous,mmu-miR-21,MIMAT0000530,3096,1236,921,1380,1238,1975,1173,1968,2932,2551
Endogenous,mmu-miR-210,MIMAT0000658,263,183,161,183,164,294,266,203,338,360
Endogenous,mmu-miR-211,MIMAT0000668,43,13,13,23,21,22,18,27,29,28
Endogenous,mmu-miR-212,MIMAT0000659,52,30,19,24,33,42,27,41,26,45
Endogenous,mmu-miR-2132,MIMAT0011208,63,34,25,31,30,34,34,44,69,74
Endogenous,mmu-miR-2133,MIMAT0011209,119,97,68,80,119,57,80,108,91,156
Endogenous,mmu-miR-2134,MIMAT0011210,51,26,23,26,42,26,26,31,39,54
Endogenous,mmu-miR-2135,MIMAT0011211,141,42,44,49,108,83,61,79,78,123
Endogenous,mmu-miR-2136,MIMAT0011212,26,29,33,25,28,24,24,24,38,33
Endogenous,mmu-miR-2137,MIMAT0011213,111,79,85,67,75,104,57,98,111,127
Endogenous,mmu-miR-2138,MIMAT0011214,132,123,90,79,89,90,90,136,145,161
Endogenous,mmu-miR-2139,MIMAT0011215,107,62,64,60,46,61,67,75,68,90
Endogenous,mmu-miR-214,MIMAT0000661,133,97,93,98,67,110,82,124,116,153
Endogenous,mmu-miR-2140,MIMAT0011216,141,86,103,79,75,97,76,97,111,118
Endogenous,mmu-miR-2141,MIMAT0011217,170,95,109,102,67,97,86,113,157,142
Endogenous,mmu-miR-2145,MIMAT0011221,77,58,57,56,60,61,54,74,67,93
Endogenous,mmu-miR-2146,MIMAT0011222,164,121,117,97,86,131,103,110,152,148
Endogenous,mmu-miR-216a,MIMAT0000662,109,61,63,70,63,106,57,91,101,95
Endogenous,mmu-miR-216b,MIMAT0003729,24,24,18,30,23,26,27,31,44,24
Endogenous,mmu-miR-217,MIMAT0000679,23,11,12,20,19,25,15,17,24,21
Endogenous,mmu-miR-218,MIMAT0000663,640,336,295,423,372,463,449,516,1460,770
Endogenous,mmu-miR-2182,MIMAT0011286,38,29,28,28,23,32,23,29,33,29
Endogenous,mmu-miR-2183,MIMAT0011287,78,51,35,47,55,66,50,48,69,57
Endogenous,mmu-miR-219,MIMAT0000664,83,42,40,37,42,56,35,45,71,70
Endogenous,mmu-miR-22,MIMAT0000531,37741,17308,14988,15030,24686,22209,11245,31092,17657,31233
Endogenous,mmu-miR-220,MIMAT0004863,49,30,23,25,39,31,25,33,25,31
Endogenous,mmu-miR-221,MIMAT0000669,104,70,60,74,101,98,84,106,145,137
Endogenous,mmu-miR-222,MIMAT0000670,63,32,30,30,28,23,40,35,51,39
Endogenous,mmu-miR-223,MIMAT0000665,2117,1770,1881,1265,2263,2049,1249,1960,1066,3650
Endogenous,mmu-miR-224,MIMAT0000671,76,85,68,48,43,67,69,63,89,95
Endogenous,mmu-miR-23a,MIMAT0000532,13986,8631,8005,11176,10982,13006,11052,12082,18505,20647
Endogenous,mmu-miR-23b,MIMAT0000125,2155,1026,723,1138,1387,1630,1092,1680,2486,2254
Endogenous,mmu-miR-24,MIMAT0000219,501,291,168,253,252,439,274,394,450,466
Endogenous,mmu-miR-25,MIMAT0000652,3014,1484,1427,1493,1835,2275,1311,2466,2421,3502
Endogenous,mmu-miR-26a,MIMAT0000533,300,184,146,189,159,261,154,258,240,292
Endogenous,mmu-miR-26b,MIMAT0000534,2034,920,654,905,1159,1355,797,1472,1657,1837
Endogenous,mmu-miR-27a,MIMAT0000537,9629,6424,7204,7245,6747,7037,7042,8427,12136,12756
Endogenous,mmu-miR-27b,MIMAT0000126,635,371,287,349,353,414,375,553,584,671
Endogenous,mmu-miR-28,MIMAT0000653,293,136,129,140,167,236,121,261,224,309
Endogenous,mmu-miR-2861,MIMAT0013803,90,62,60,68,54,76,69,69,89,89
Endogenous,mmu-miR-290-3p,MIMAT0004572,126,104,89,92,78,96,72,106,120,124
Endogenous,mmu-miR-290-5p,MIMAT0000366,126,96,104,87,100,100,103,109,151,144
Endogenous,mmu-miR-291a-3p,MIMAT0000368,97,77,68,97,77,74,68,79,104,109
Endogenous,mmu-miR-291a-5p,MIMAT0000367,35,16,29,34,30,32,18,10,37,31
Endogenous,mmu-miR-291b-3p,MIMAT0003190,18,13,12,15,17,22,11,13,23,24
Endogenous,mmu-miR-291b-5p,MIMAT0003189,24,27,22,21,27,20,17,21,31,24
Endogenous,mmu-miR-292-3p,MIMAT0000370,50,32,44,33,43,34,35,44,42,73
Endogenous,mmu-miR-292-5p,MIMAT0000369,24,20,18,20,6,18,15,18,32,29
Endogenous,mmu-miR-293,MIMAT0000371,37,16,13,26,29,29,21,31,27,40
Endogenous,mmu-miR-294,MIMAT0000372,20,22,19,20,20,20,19,19,22,19
Endogenous,mmu-miR-295,MIMAT0000373,30,15,6,33,13,21,18,16,25,33
Endogenous,mmu-miR-296-3p,MIMAT0004576,47,26,23,30,38,29,22,39,36,28
Endogenous,mmu-miR-296-5p,MIMAT0000374,33,7,10,10,16,22,9,23,12,31
Endogenous,mmu-miR-297a+mmu-miR-466f+mmu-miR-669b,MIMAT0000375,24,12,16,21,27,31,29,41,16,33
Endogenous,mmu-miR-297b-3p,MIMAT0004827,23,17,10,18,16,15,20,18,9,18
Endogenous,mmu-miR-297b-5p,MIMAT0003480,24,15,16,21,17,22,22,20,19,39
Endogenous,mmu-miR-297c,MIMAT0004865,44,30,24,43,35,35,30,24,41,43
Endogenous,mmu-miR-298,MIMAT0000376,47,20,28,35,33,34,29,39,42,42
Endogenous,mmu-miR-299,MIMAT0004577,40,34,35,38,36,37,29,28,31,41
Endogenous,mmu-miR-29a,MIMAT0000535,8044,6122,5413,5634,6219,5265,4611,7894,7685,9496
Endogenous,mmu-miR-29b,MIMAT0000127,4470,2808,2206,2983,2726,3032,2618,3998,6216,5191
Endogenous,mmu-miR-29c,MIMAT0000536,5663,2503,1766,2273,3173,3327,1605,5075,3405,4222
Endogenous,mmu-miR-300,MIMAT0000378,138,108,98,108,85,102,84,127,177,190
Endogenous,mmu-miR-301a,MIMAT0000379,332,185,221,218,229,240,211,285,380,444
Endogenous,mmu-miR-301b,MIMAT0004186,46,26,31,39,41,39,30,32,31,35
Endogenous,mmu-miR-302a,MIMAT0000380,25,14,11,21,17,13,15,19,20,31
Endogenous,mmu-miR-302b,MIMAT0003374,47,37,36,35,36,32,35,56,41,66
Endogenous,mmu-miR-302c,MIMAT0003376,16,16,12,14,11,14,15,13,14,16
Endogenous,mmu-miR-302d,MIMAT0003377,29,27,24,22,21,19,18,20,34,28
Endogenous,mmu-miR-3072,MIMAT0014853,13,16,12,15,12,9,14,15,11,19
Endogenous,mmu-miR-3099,MIMAT0014816,34,26,20,27,30,16,29,35,36,30
Endogenous,mmu-miR-30a,MIMAT0000128,1392,430,352,452,683,922,322,1103,649,1069
Endogenous,mmu-miR-30b,MIMAT0000130,1752,945,610,824,987,1081,654,1492,1365,1535
Endogenous,mmu-miR-30c,MIMAT0000514,8452,5308,5136,4945,5910,5595,3567,7934,6034,8713
Endogenous,mmu-miR-30d,MIMAT0000515,1386,580,386,563,687,1022,480,1005,1005,1141
Endogenous,mmu-miR-30e,MIMAT0000248,451,230,185,220,279,288,183,367,327,417
Endogenous,mmu-miR-31,MIMAT0000538,168,156,110,137,98,144,126,124,204,175
Endogenous,mmu-miR-32,MIMAT0000654,109,77,70,79,69,82,75,78,108,117
Endogenous,mmu-miR-320,MIMAT0000666,110,57,70,68,68,85,84,96,98,119
Endogenous,mmu-miR-322,MIMAT0000548,646,312,359,334,385,374,320,587,425,758
Endogenous,mmu-miR-323-3p,MIMAT0000551,250,202,209,195,210,187,213,208,262,252
Endogenous,mmu-miR-323-5p,MIMAT0004638,111,92,85,83,49,93,89,94,145,127
Endogenous,mmu-miR-324-3p,MIMAT0000556,17,22,15,30,13,23,23,13,20,38
Endogenous,mmu-miR-324-5p,MIMAT0000555,70,50,27,48,44,53,38,64,66,67
Endogenous,mmu-miR-325,MIMAT0004640,26,12,20,20,21,15,13,15,22,28
Endogenous,mmu-miR-326,MIMAT0000559,71,52,56,79,71,81,52,89,95,115
Endogenous,mmu-miR-327,MIMAT0004867,45,15,13,22,31,29,15,32,18,30
Endogenous,mmu-miR-328,MIMAT0000565,149,139,79,134,160,123,86,210,127,182
Endogenous,mmu-miR-329,MIMAT0000567,130,62,52,91,76,104,73,92,120,153
Endogenous,mmu-miR-33,MIMAT0000667,178,113,121,130,94,126,129,136,170,177
Endogenous,mmu-miR-330,MIMAT0004642,103,54,50,47,52,70,51,71,73,80
Endogenous,mmu-miR-331-3p,MIMAT0000571,108,58,55,52,59,84,51,69,93,94
Endogenous,mmu-miR-331-5p,MIMAT0004643,65,64,56,69,44,58,63,62,73,89
Endogenous,mmu-miR-335-3p,MIMAT0004704,95,82,59,71,41,94,64,72,85,103
Endogenous,mmu-miR-335-5p,MIMAT0000766,357,153,189,212,222,229,171,308,256,430
Endogenous,mmu-miR-337-3p,MIMAT0000578,89,58,58,44,50,81,57,81,89,79
Endogenous,mmu-miR-337-5p,MIMAT0004644,151,126,108,99,66,112,103,107,147,162
Endogenous,mmu-miR-338-3p,MIMAT0000582,1862,1407,1035,1136,1042,1099,1298,1609,5842,1748
Endogenous,mmu-miR-338-5p,MIMAT0004647,103,86,78,71,53,74,71,86,106,86
Endogenous,mmu-miR-339-3p,MIMAT0004649,20,16,29,26,19,11,22,16,21,27
Endogenous,mmu-miR-339-5p,MIMAT0000584,42,38,33,21,39,33,31,38,42,33
Endogenous,mmu-miR-340-3p,MIMAT0000586,83,41,53,53,55,40,42,52,70,78
Endogenous,mmu-miR-340-5p,MIMAT0004651,465,256,299,263,347,268,202,439,411,595
Endogenous,mmu-miR-341,MIMAT0000588,17,18,12,13,3,22,8,14,16,22
Endogenous,mmu-miR-342-3p,MIMAT0000590,1116,547,570,731,676,821,575,998,980,1525
Endogenous,mmu-miR-342-5p,MIMAT0004653,82,59,44,70,78,47,66,75,71,80
Endogenous,mmu-miR-343,MIMAT0004868,54,21,27,32,26,36,24,28,32,46
Endogenous,mmu-miR-344,MIMAT0000593,32,19,23,23,23,27,23,29,45,39
Endogenous,mmu-miR-345-3p,MIMAT0004656,55,35,42,49,48,41,36,36,36,33
Endogenous,mmu-miR-345-5p,MIMAT0000595,213,136,117,132,126,167,85,183,151,200
Endogenous,mmu-miR-346,MIMAT0000597,81,89,62,73,49,94,81,79,82,109
Endogenous,mmu-miR-3470a+mmu-miR-3470b,MIMAT0015640,88,64,59,56,42,79,62,71,72,96
Endogenous,mmu-miR-3471,MIMAT0015642,87,73,59,69,29,76,80,81,82,89
Endogenous,mmu-miR-3472,MIMAT0015643,84,74,66,64,48,58,70,72,72,92
Endogenous,mmu-miR-3473,MIMAT0015645,95,65,71,53,59,77,61,78,84,113
Endogenous,mmu-miR-3474,MIMAT0015646,75,74,56,74,49,69,71,73,83,78
Endogenous,mmu-miR-3475,MIMAT0015219,84,72,66,56,40,78,59,77,89,90
Endogenous,mmu-miR-34a,MIMAT0000542,94,77,74,75,59,80,66,71,82,98
Endogenous,mmu-miR-34b-3p,MIMAT0004581,148,115,101,90,76,113,100,96,207,122
Endogenous,mmu-miR-34b-5p,MIMAT0000382,136,97,82,90,62,95,78,86,977,104
Endogenous,mmu-miR-34c,MIMAT0000381,1,1,1,1,1,1,1,1,1,1
Endogenous,mmu-miR-350,MIMAT0000605,414,204,195,225,256,277,230,350,373,486
Endogenous,mmu-miR-351,MIMAT0000609,32,15,27,23,25,20,18,33,31,40
Endogenous,mmu-miR-361,MIMAT0000704,169,94,51,93,84,112,79,172,139,138
Endogenous,mmu-miR-362-3p,MIMAT0004684,117,66,62,65,71,79,79,105,150,162
Endogenous,mmu-miR-362-5p,MIMAT0000706,36,24,39,20,39,29,36,29,31,38
Endogenous,mmu-miR-363,MIMAT0000708,29,19,20,21,17,23,20,22,25,23
Endogenous,mmu-miR-365,MIMAT0000711,596,289,249,317,366,489,281,484,453,553
Endogenous,mmu-miR-367,MIMAT0003181,129,117,80,96,75,118,74,90,118,134
Endogenous,mmu-miR-369-3p,MIMAT0003186,142,102,115,105,96,98,86,124,168,164
Endogenous,mmu-miR-369-5p,MIMAT0003185,88,76,83,60,54,103,66,85,108,106
Endogenous,mmu-miR-370,MIMAT0001095,131,94,105,96,87,101,95,97,145,142
Endogenous,mmu-miR-374,MIMAT0003727,191,109,92,94,120,134,113,147,160,171
Endogenous,mmu-miR-375,MIMAT0000739,175,92,90,256,83,97,146,110,2145,112
Endogenous,mmu-miR-376a,MIMAT0000740,114,106,60,100,95,128,115,150,152,127
Endogenous,mmu-miR-376b,MIMAT0001092,77,38,35,47,36,48,39,64,90,83
Endogenous,mmu-miR-376c,MIMAT0003183,169,81,129,103,116,94,115,158,155,175
Endogenous,mmu-miR-377,MIMAT0000741,107,44,32,53,60,62,59,89,82,97
Endogenous,mmu-miR-378,MIMAT0003151,12517,4407,3438,3703,7177,8012,2509,9730,2580,8680
Endogenous,mmu-miR-379,MIMAT0000743,73,37,26,39,43,46,46,61,41,55
Endogenous,mmu-miR-380-3p,MIMAT0000745,45,20,15,23,37,37,39,38,40,54
Endogenous,mmu-miR-380-5p,MIMAT0000744,168,111,118,112,81,132,113,110,152,184
Endogenous,mmu-miR-381,MIMAT0000746,160,109,102,111,93,103,89,145,146,179
Endogenous,mmu-miR-382,MIMAT0000747,233,176,192,168,170,200,170,230,348,297
Endogenous,mmu-miR-383,MIMAT0000748,57,50,41,39,34,55,37,43,60,53
Endogenous,mmu-miR-384-3p,MIMAT0001076,86,68,58,90,60,87,72,73,114,106
Endogenous,mmu-miR-384-5p,MIMAT0004745,25,23,18,17,27,24,24,15,38,30
Endogenous,mmu-miR-409-3p,MIMAT0001090,13,11,10,11,14,12,16,14,23,19
Endogenous,mmu-miR-409-5p,MIMAT0004746,36,16,14,20,17,27,18,20,32,30
Endogenous,mmu-miR-410,MIMAT0001091,84,53,31,44,53,52,42,67,95,81
Endogenous,mmu-miR-411,MIMAT0004747,81,53,54,67,48,47,54,57,86,112
Endogenous,mmu-miR-412,MIMAT0001094,117,99,95,82,72,92,80,78,100,99
Endogenous,mmu-miR-421,MIMAT0004869,128,103,96,96,87,94,82,100,123,125
Endogenous,mmu-miR-423-3p,MIMAT0003454,153,107,82,99,102,121,94,115,136,146
Endogenous,mmu-miR-423-5p,MIMAT0004825,168,101,88,114,120,149,91,138,192,188
Endogenous,mmu-miR-425,MIMAT0004750,293,194,198,188,210,248,155,228,307,301
Endogenous,mmu-miR-429,MIMAT0001537,1199,780,575,840,702,939,804,1096,5164,1752
Endogenous,mmu-miR-431,MIMAT0001418,145,129,92,74,97,120,108,126,132,147
Endogenous,mmu-miR-432,MIMAT0012771,87,59,61,61,49,61,55,66,71,97
Endogenous,mmu-miR-433,MIMAT0001420,122,114,75,91,83,88,68,76,121,124
Endogenous,mmu-miR-434-3p,MIMAT0001422,157,92,95,86,114,135,83,145,148,159
Endogenous,mmu-miR-434-5p,MIMAT0001421,131,83,99,82,69,92,82,115,130,129
Endogenous,mmu-miR-448,MIMAT0001533,117,100,81,80,76,94,75,95,129,106
Endogenous,mmu-miR-449a,MIMAT0001542,90,70,55,60,46,73,69,60,172,92
Endogenous,mmu-miR-449b,MIMAT0005447,24,21,17,24,23,19,22,22,21,25
Endogenous,mmu-miR-449c,MIMAT0003460,28,26,19,37,28,36,37,26,44,25
Endogenous,mmu-miR-450a-3p,MIMAT0004789,26,24,19,18,26,20,16,29,20,26
Endogenous,mmu-miR-450a-5p,MIMAT0001546,288,143,131,158,187,174,142,303,167,325
Endogenous,mmu-miR-450b-3p,MIMAT0003512,27,14,16,18,16,17,17,24,13,35
Endogenous,mmu-miR-450b-5p,MIMAT0003511,29,14,29,20,16,12,22,16,30,32
Endogenous,mmu-miR-451,MIMAT0001632,14170,7246,8944,5196,8194,9074,4724,10866,6845,15666
Endogenous,mmu-miR-452,MIMAT0001637,33,27,18,23,25,38,24,21,24,30
Endogenous,mmu-miR-453,MIMAT0004870,15,16,19,14,13,18,10,21,10,22
Endogenous,mmu-miR-455,MIMAT0003742,129,75,82,90,88,117,64,100,84,147
Endogenous,mmu-miR-463,MIMAT0004758,104,74,77,70,52,83,77,90,92,110
Endogenous,mmu-miR-464,MIMAT0002105,81,73,67,78,52,85,74,75,103,112
Endogenous,mmu-miR-465a-3p,MIMAT0004217,65,55,53,62,26,59,46,45,74,67
Endogenous,mmu-miR-465a-5p,MIMAT0002106,40,17,23,26,23,27,27,27,28,43
Endogenous,mmu-miR-465b-5p,MIMAT0004871,23,14,16,18,19,28,19,20,22,22
Endogenous,mmu-miR-465c-5p,MIMAT0004873,35,25,25,25,21,30,30,25,35,41
Endogenous,mmu-miR-466a-3p+mmu-miR-466b-3-3p,MIMAT0002107,83,47,42,59,69,58,45,67,107,90
Endogenous,mmu-miR-466a-5p+mmu-miR-466e-5p,MIMAT0004759,51,34,21,43,36,46,34,38,43,44
Endogenous,mmu-miR-466c-5p,MIMAT0004877,69,58,50,49,37,63,52,56,70,84
Endogenous,mmu-miR-466d-3p,MIMAT0004931,139,89,102,93,75,102,85,99,124,136
Endogenous,mmu-miR-466d-5p,MIMAT0004930,95,94,70,89,85,96,94,78,115,91
Endogenous,mmu-miR-466f-5p,MIMAT0004881,30,26,22,29,20,22,17,25,32,30
Endogenous,mmu-miR-466g,MIMAT0004883,83,68,45,82,76,107,76,125,122,128
Endogenous,mmu-miR-466h,MIMAT0004884,21,32,14,16,23,15,18,21,21,26
Endogenous,mmu-miR-466i,MIMAT0005834,23,26,14,23,27,21,25,18,22,24
Endogenous,mmu-miR-466j,MIMAT0005848,45,35,28,30,23,30,27,27,32,41
Endogenous,mmu-miR-466k,MIMAT0005845,127,91,84,69,58,70,79,96,97,101
Endogenous,mmu-miR-466l,MIMAT0005830,72,49,42,35,41,52,42,42,49,81
Endogenous,mmu-miR-467a,MIMAT0003409,162,93,87,100,77,113,93,111,150,136
Endogenous,mmu-miR-467b,MIMAT0005448,65,49,35,46,40,51,63,55,63,63
Endogenous,mmu-miR-467c,MIMAT0004885,45,36,36,35,29,36,39,40,59,47
Endogenous,mmu-miR-467d,MIMAT0004886,33,25,12,21,19,20,24,17,21,24
Endogenous,mmu-miR-467e,MIMAT0005293,107,93,73,77,81,102,82,92,123,110
Endogenous,mmu-miR-467f,MIMAT0005846,106,102,83,71,72,98,70,90,120,119
Endogenous,mmu-miR-467g,MIMAT0005854,73,74,53,73,41,73,50,73,69,80
Endogenous,mmu-miR-467h+mmu-miR-669d+mmu-miR-669l,MIMAT0005855,126,116,121,130,93,124,111,126,161,149
Endogenous,mmu-miR-468,MIMAT0002109,109,82,80,76,67,109,87,82,141,126
Endogenous,mmu-miR-469,MIMAT0002110,14,16,12,16,14,14,27,16,23,20
Endogenous,mmu-miR-470,MIMAT0002111,32,14,21,19,27,30,18,23,30,35
Endogenous,mmu-miR-471,MIMAT0002112,32,23,21,16,26,36,30,34,25,38
Endogenous,mmu-miR-483,MIMAT0004782,102,100,76,69,51,89,76,79,92,113
Endogenous,mmu-miR-484,MIMAT0003127,205,141,130,122,95,129,148,156,171,193
Endogenous,mmu-miR-485,MIMAT0003128,83,74,81,82,60,88,84,91,111,102
Endogenous,mmu-miR-486,MIMAT0003130,986,498,385,418,869,754,292,883,304,924
Endogenous,mmu-miR-487b,MIMAT0003184,50,15,18,24,34,21,26,29,51,40
Endogenous,mmu-miR-488,MIMAT0003450,107,78,78,74,73,76,67,87,115,110
Endogenous,mmu-miR-489,MIMAT0003112,56,33,36,39,39,35,33,42,36,42
Endogenous,mmu-miR-490,MIMAT0003780,134,100,76,98,74,109,98,104,120,159
Endogenous,mmu-miR-491,MIMAT0003486,86,86,75,66,41,75,59,74,84,83
Endogenous,mmu-miR-493,MIMAT0004888,126,105,105,100,74,103,104,95,155,145
Endogenous,mmu-miR-494,MIMAT0003182,25,15,11,20,16,24,21,21,14,16
Endogenous,mmu-miR-495,MIMAT0003456,130,65,50,60,72,89,47,123,148,121
Endogenous,mmu-miR-496,MIMAT0003738,95,50,25,46,43,50,33,49,77,67
Endogenous,mmu-miR-497,MIMAT0003453,110,70,72,76,65,83,82,99,95,128
Endogenous,mmu-miR-499,MIMAT0003482,82,74,113,56,141,59,30,164,104,99
Endogenous,mmu-miR-500,MIMAT0003507,38,30,27,35,31,33,31,52,42,25
Endogenous,mmu-miR-501-3p,MIMAT0003509,41,20,18,19,22,28,20,29,34,38
Endogenous,mmu-miR-501-5p,MIMAT0003508,158,137,125,115,117,126,128,154,165,196
Endogenous,mmu-miR-503,MIMAT0003188,28,16,19,26,15,21,25,30,29,25
Endogenous,mmu-miR-504,MIMAT0004889,62,27,19,25,19,31,29,34,25,40
Endogenous,mmu-miR-505,MIMAT0003513,91,66,56,56,47,76,71,54,78,84
Endogenous,mmu-miR-509-3p,MIMAT0004891,35,23,11,33,25,28,35,35,41,31
Endogenous,mmu-miR-509-5p,MIMAT0004890,119,87,75,62,51,90,87,60,124,107
Endogenous,mmu-miR-511,MIMAT0004940,48,44,57,61,50,32,50,50,60,58
Endogenous,mmu-miR-532-3p,MIMAT0004781,43,29,25,40,35,26,25,43,42,46
Endogenous,mmu-miR-532-5p,MIMAT0002889,276,145,139,144,166,219,146,228,278,302
Endogenous,mmu-miR-539,MIMAT0003169,109,104,103,73,71,77,81,79,118,128
Endogenous,mmu-miR-540-3p,MIMAT0003167,35,25,21,29,22,17,26,24,31,35
Endogenous,mmu-miR-540-5p,MIMAT0004786,23,25,24,26,20,26,22,17,26,28
Endogenous,mmu-miR-541,MIMAT0003170,121,93,105,97,72,98,100,103,130,139
Endogenous,mmu-miR-542-3p,MIMAT0003172,70,67,54,58,42,59,53,61,83,89
Endogenous,mmu-miR-542-5p,MIMAT0003171,157,100,114,103,99,134,125,136,160,166
Endogenous,mmu-miR-543,MIMAT0003168,1,1,1,1,1,1,1,1,1,1
Endogenous,mmu-miR-544,MIMAT0004941,33,28,17,21,20,30,22,29,22,34
Endogenous,mmu-miR-546,MIMAT0003166,19,21,14,21,28,21,15,21,19,37
Endogenous,mmu-miR-547,MIMAT0003173,45,44,36,51,46,38,46,41,46,41
Endogenous,mmu-miR-551b,MIMAT0003890,119,77,68,83,69,100,78,99,135,117
Endogenous,mmu-miR-568,MIMAT0004892,42,29,43,39,42,32,35,47,36,47
Endogenous,mmu-miR-574-3p,MIMAT0004894,260,140,176,151,141,229,143,226,239,298
Endogenous,mmu-miR-574-5p,MIMAT0004893,143,109,87,121,92,124,109,135,174,164
Endogenous,mmu-miR-582-3p,MIMAT0005292,48,26,21,30,28,42,32,32,37,54
Endogenous,mmu-miR-582-5p,MIMAT0005291,69,50,39,47,57,46,65,65,72,58
Endogenous,mmu-miR-590-3p,MIMAT0004896,21,11,12,16,14,17,18,23,23,29
Endogenous,mmu-miR-590-5p,MIMAT0004895,116,78,78,86,63,79,79,76,111,119
Endogenous,mmu-miR-592,MIMAT0003730,22,22,18,31,31,31,18,31,30,49
Endogenous,mmu-miR-599,MIMAT0012772,21,17,18,21,16,18,9,15,26,24
Endogenous,mmu-miR-615-3p,MIMAT0003783,29,20,13,12,10,20,13,26,21,17
Endogenous,mmu-miR-615-5p,MIMAT0004837,16,12,13,14,7,16,9,9,13,16
Endogenous,mmu-miR-652,MIMAT0003711,140,97,103,130,85,146,110,133,129,163
Endogenous,mmu-miR-653,MIMAT0004943,35,23,22,25,25,33,26,34,34,34
Endogenous,mmu-miR-654-3p,MIMAT0004898,125,107,71,75,56,112,76,89,107,102
Endogenous,mmu-miR-654-5p,MIMAT0004897,14,7,8,13,7,13,11,11,15,12
Endogenous,mmu-miR-664,MIMAT0012774,60,26,20,32,29,29,29,50,42,38
Endogenous,mmu-miR-665,MIMAT0003733,79,77,74,68,42,69,60,59,88,106
Endogenous,mmu-miR-666-3p,MIMAT0004823,92,94,69,55,49,63,67,70,85,105
Endogenous,mmu-miR-666-5p,MIMAT0003737,27,15,20,23,26,16,17,31,24,26
Endogenous,mmu-miR-667,MIMAT0003734,31,25,21,24,25,20,23,22,41,26
Endogenous,mmu-miR-668,MIMAT0003732,122,105,109,108,79,121,101,107,168,135
Endogenous,mmu-miR-669a,MIMAT0003477,123,100,112,109,76,113,103,105,157,149
Endogenous,mmu-miR-669e,MIMAT0005853,123,82,87,85,82,83,82,99,136,123
Endogenous,mmu-miR-669f,MIMAT0005839,109,55,50,91,78,103,79,122,151,138
Endogenous,mmu-miR-669g,MIMAT0005832,91,69,73,62,57,72,56,81,113,90
Endogenous,mmu-miR-669h-5p,MIMAT0005841,43,33,20,28,36,41,34,32,36,48
Endogenous,mmu-miR-669i,MIMAT0005840,134,101,84,99,71,84,82,101,138,113
Endogenous,mmu-miR-669j,MIMAT0005838,122,95,88,88,54,100,88,99,124,116
Endogenous,mmu-miR-669m,MIMAT0009419,37,15,25,20,19,26,26,25,25,29
Endogenous,mmu-miR-669o,MIMAT0009421,44,32,26,31,47,43,23,57,44,60
Endogenous,mmu-miR-670,MIMAT0003736,116,125,106,114,100,112,91,123,165,133
Endogenous,mmu-miR-671-3p,MIMAT0004821,116,106,78,92,75,115,80,96,135,123
Endogenous,mmu-miR-671-5p,MIMAT0003731,33,29,21,35,40,40,21,36,32,48
Endogenous,mmu-miR-672,MIMAT0003735,98,68,76,67,38,87,72,74,98,108
Endogenous,mmu-miR-673-3p,MIMAT0004824,23,18,22,20,22,20,22,23,30,20
Endogenous,mmu-miR-673-5p,MIMAT0003739,19,21,16,26,17,24,14,19,22,30
Endogenous,mmu-miR-674,MIMAT0003740,173,127,131,153,118,153,123,170,215,223
Endogenous,mmu-miR-675-3p,MIMAT0003726,85,44,33,41,45,36,35,70,41,66
Endogenous,mmu-miR-675-5p,MIMAT0003725,106,98,72,77,69,95,95,80,102,117
Endogenous,mmu-miR-676,MIMAT0003782,235,173,187,204,190,219,153,218,308,299
Endogenous,mmu-miR-677,MIMAT0003451,25,30,25,26,18,19,29,22,27,35
Endogenous,mmu-miR-678,MIMAT0003452,93,71,71,75,52,91,68,100,110,134
Endogenous,mmu-miR-679,MIMAT0003455,26,7,15,11,16,8,15,16,20,23
Endogenous,mmu-miR-680,MIMAT0003457,15,16,10,13,17,17,23,22,16,20
Endogenous,mmu-miR-681,MIMAT0003458,26,13,17,22,23,18,26,17,36,19
Endogenous,mmu-miR-682,MIMAT0003459,100,84,78,85,61,112,84,68,122,104
Endogenous,mmu-miR-683,MIMAT0003461,89,99,86,92,53,100,70,70,100,102
Endogenous,mmu-miR-684,MIMAT0003462,105,61,65,62,36,77,60,62,89,80
Endogenous,mmu-miR-686,MIMAT0003464,21,19,15,18,16,12,24,18,18,32
Endogenous,mmu-miR-687,MIMAT0003466,21,18,12,23,12,17,11,24,20,25
Endogenous,mmu-miR-688,MIMAT0003467,88,57,70,55,44,63,62,64,79,101
Endogenous,mmu-miR-689,MIMAT0003468,27,21,19,14,26,31,20,26,19,33
Endogenous,mmu-miR-690,MIMAT0003469,127,79,78,84,86,99,82,84,169,151
Endogenous,mmu-miR-691,MIMAT0003470,72,47,32,42,39,66,45,106,37,71
Endogenous,mmu-miR-692,MIMAT0003471,27,19,25,27,25,16,20,38,32,29
Endogenous,mmu-miR-693-3p,MIMAT0004189,29,17,20,26,15,32,23,27,31,28
Endogenous,mmu-miR-693-5p,MIMAT0003472,25,30,22,26,23,28,21,31,30,35
Endogenous,mmu-miR-694,MIMAT0003474,107,98,68,94,59,90,67,103,107,98
Endogenous,mmu-miR-695,MIMAT0003481,118,78,89,75,77,108,87,106,128,145
Endogenous,mmu-miR-696,MIMAT0003483,26,19,13,27,23,25,23,26,32,33
Endogenous,mmu-miR-697,MIMAT0003487,31,15,20,32,20,22,21,17,34,24
Endogenous,mmu-miR-698,MIMAT0003488,16,23,20,18,14,16,15,22,22,18
Endogenous,mmu-miR-700,MIMAT0003490,33,19,27,16,12,20,11,31,29,24
Endogenous,mmu-miR-701,MIMAT0003491,86,67,69,69,51,74,78,75,100,105
Endogenous,mmu-miR-702,MIMAT0003492,36,19,28,13,23,21,19,18,35,28
Endogenous,mmu-miR-703,MIMAT0003493,37,31,26,32,29,19,21,28,46,38
Endogenous,mmu-miR-704,MIMAT0003494,27,21,23,23,28,29,30,28,32,48
Endogenous,mmu-miR-706,MIMAT0003496,30,16,21,13,16,12,18,17,19,17
Endogenous,mmu-miR-707,MIMAT0003497,30,18,19,16,20,17,18,22,26,28
Endogenous,mmu-miR-708,MIMAT0004828,159,124,130,114,97,142,120,128,214,184
Endogenous,mmu-miR-709,MIMAT0003499,100,65,71,62,49,69,59,76,79,104
Endogenous,mmu-miR-710,MIMAT0003500,96,81,73,75,66,79,88,89,97,123
Endogenous,mmu-miR-711,MIMAT0003501,31,27,27,32,19,17,11,33,20,30
Endogenous,mmu-miR-712,MIMAT0003502,34,31,24,20,22,24,25,20,23,18
Endogenous,mmu-miR-713,MIMAT0003504,34,29,30,33,26,17,23,22,39,27
Endogenous,mmu-miR-714,MIMAT0003505,102,65,82,74,45,93,72,87,88,111
Endogenous,mmu-miR-715,MIMAT0003506,29,20,17,19,10,24,24,19,23,27
Endogenous,mmu-miR-717,MIMAT0003510,140,106,108,104,83,116,93,113,140,153
Endogenous,mmu-miR-718,MIMAT0003514,21,20,20,27,18,15,15,14,23,17
Endogenous,mmu-miR-719,MIMAT0003465,23,19,13,19,20,17,11,22,21,22
Endogenous,mmu-miR-720,MIMAT0003484,75140,44114,26483,41262,41577,52739,37112,67914,73281,61492
Endogenous,mmu-miR-741,MIMAT0004236,75,66,43,49,35,50,56,60,74,76
Endogenous,mmu-miR-742,MIMAT0004237,103,83,89,70,64,88,89,77,111,108
Endogenous,mmu-miR-743a,MIMAT0004238,23,12,13,9,10,11,10,21,14,17
Endogenous,mmu-miR-743b-3p,MIMAT0004840,40,32,14,36,25,19,26,33,24,30
Endogenous,mmu-miR-743b-5p,MIMAT0004839,30,12,15,20,19,26,21,20,16,29
Endogenous,mmu-miR-744,MIMAT0004187,26,12,18,16,16,19,15,17,23,22
Endogenous,mmu-miR-758,MIMAT0003889,21,21,11,21,22,25,17,24,21,25
Endogenous,mmu-miR-759,MIMAT0003897,82,77,61,69,45,79,66,65,97,75
Endogenous,mmu-miR-760,MIMAT0003898,123,107,100,96,71,127,95,96,112,139
Endogenous,mmu-miR-761,MIMAT0003893,113,103,101,93,77,85,82,95,124,124
Endogenous,mmu-miR-762,MIMAT0003892,124,84,94,101,101,103,92,100,127,141
Endogenous,mmu-miR-763,MIMAT0003896,25,20,13,24,21,18,15,10,22,22
Endogenous,mmu-miR-764-3p,MIMAT0003895,116,95,86,83,57,93,82,84,116,91
Endogenous,mmu-miR-764-5p,MIMAT0003894,101,74,63,50,56,90,80,66,88,106
Endogenous,mmu-miR-767,MIMAT0012773,112,91,97,66,51,88,62,87,101,103
Endogenous,mmu-miR-770-3p,MIMAT0003891,139,83,110,83,88,110,64,98,140,142
Endogenous,mmu-miR-770-5p,MIMAT0004822,87,59,66,69,47,70,61,73,82,104
Endogenous,mmu-miR-7a,MIMAT0000677,93,79,72,69,38,80,72,94,121,104
Endogenous,mmu-miR-7b,MIMAT0000678,140,98,103,94,91,127,105,115,148,158
Endogenous,mmu-miR-802,MIMAT0004188,31,30,19,38,26,30,36,33,40,29
Endogenous,mmu-miR-804,MIMAT0004210,99,70,51,60,44,93,57,71,105,113
Endogenous,mmu-miR-871,MIMAT0004841,119,116,96,115,78,106,112,90,118,160
Endogenous,mmu-miR-872,MIMAT0004934,325,199,221,234,216,266,206,276,506,406
Endogenous,mmu-miR-873,MIMAT0004936,148,107,90,94,65,124,83,95,119,148
Endogenous,mmu-miR-874,MIMAT0004853,29,20,20,25,22,23,20,21,13,24
Endogenous,mmu-miR-875-3p,MIMAT0004938,106,88,69,79,65,92,65,100,91,124
Endogenous,mmu-miR-875-5p,MIMAT0004937,63,46,43,42,26,53,45,46,58,70
Endogenous,mmu-miR-876-3p,MIMAT0004855,169,150,128,126,123,173,112,207,219,192
Endogenous,mmu-miR-876-5p,MIMAT0004854,59,38,43,53,38,36,39,45,60,70
Endogenous,mmu-miR-877,MIMAT0004861,76,81,78,65,40,72,71,84,107,118
Endogenous,mmu-miR-878-3p,MIMAT0004933,36,50,36,33,37,31,24,37,38,45
Endogenous,mmu-miR-878-5p,MIMAT0004932,50,36,28,34,40,41,40,40,50,50
Endogenous,mmu-miR-879,MIMAT0004842,125,94,101,82,71,104,97,106,122,122
Endogenous,mmu-miR-880,MIMAT0004844,17,28,18,37,29,26,28,22,43,30
Endogenous,mmu-miR-881,MIMAT0004846,88,69,79,70,55,89,63,81,100,87
Endogenous,mmu-miR-882,MIMAT0004847,97,87,92,65,56,110,74,77,102,116
Endogenous,mmu-miR-883a-3p,MIMAT0004849,99,89,82,68,55,78,77,77,113,116
Endogenous,mmu-miR-883a-5p,MIMAT0004848,134,95,96,106,73,105,108,104,141,148
Endogenous,mmu-miR-883b-3p,MIMAT0004851,30,32,18,23,27,29,16,26,32,31
Endogenous,mmu-miR-883b-5p,MIMAT0004850,111,70,79,80,66,85,81,72,96,98
Endogenous,mmu-miR-9,MIMAT0000142,212,74,63,100,92,124,62,145,776,181
Endogenous,mmu-miR-92a,MIMAT0000539,23,24,26,27,10,32,27,24,31,33
Endogenous,mmu-miR-92b,MIMAT0004899,26,14,18,27,18,18,19,21,33,30
Endogenous,mmu-miR-93,MIMAT0000540,281,125,101,133,182,228,122,253,237,302
Endogenous,mmu-miR-96,MIMAT0000541,432,279,205,320,220,371,287,357,1762,499
Endogenous,mmu-miR-98,MIMAT0000545,674,541,373,536,480,623,429,869,931,916
Endogenous,mmu-miR-99a,MIMAT0000131,5101,2704,3886,3447,3763,3147,2682,4949,4892,7529
Endogenous,mmu-miR-99b,MIMAT0000132,433,215,185,259,239,321,190,340,326,438
Housekeeping,Actb,NM_007393.1,3794,3767,5373,4017,3070,3571,3929,3647,4090,5797
Housekeeping,B2m,NM_009735.3,1915,2659,1266,769,538,1281,1019,1790,1076,1540
Housekeeping,Gapdh,NM_008084.1,1614,1351,1406,1134,1387,1035,844,1488,663,1459
Housekeeping,Rpl19,NM_009078.1,1455,1399,1756,1359,1029,1265,1238,1314,1816,2099
